Country,Code,Social Progress Index,Basic Human Needs,Foundations of Wellbeing,Opportunity,Nutrition and Basic Medical Care,Water and Sanitation,Shelter,Personal Safety,Access to Basic Knowledge,Access to Information and communications,Health and Wellness,Environmental Quality,Personal Rights,Personal Freedom and Choice,Inclusiveness,Access to Advanced Education,Undernourishment (% of pop.),"Maternal mortality rate (deaths/100,000 live births)","Child mortality rate (deaths/1,000 live births)",Child stunting (% of children),"Deaths from infectious diseases (deaths/100,000)",Access to at least basic drinking water (% of pop.),Access to piped water (% of pop.),Access to at least basic sanitation facilities (% of pop.),Rural open defecation (% of pop.),Access to electricity (% of pop.),Quality of electricity supply (1=low; 7=high),"Household air pollution attributable deaths (deaths/100,000)","Homicide rate (deaths/100,000)",Political killings and torture (0=low freedom; 1=high freedom),Perceived criminality (1=low; 5=high),"Traffic deaths (deaths/100,000)",Adult literacy rate (% of pop. aged 15+),Primary school enrollment (% of children),Secondary school enrollment (% of children),Gender parity in secondary enrollment (girls/boys),Access to quality education (0=unequal; 4=equal),Mobile telephone subscriptions (subscriptions/100 people),Internet users (% of pop.),Participation in online governance (0=low; 1=high),Access to independent media (% of pop.),Life expectancy at 60 (years),"Premature deaths from non-communicable diseases (deaths/100,000)",Access to essential services  (0=none; 100=full coverage),Access to quality healthcare (0=unequal; 4=equal),"Outdoor air pollution attributable deaths (deaths/100,000)",Wastewater treatment (0=no treatment; 100=fully treated),Greenhouse gas emissions (CO2 equivalents per GDP),Biome protection (% of biomes),Political rights (0=no rights; 40=full rights),Freedom of expression (0=no freedom; 1=full freedom),Freedom of religion (0=no freedom; 4=full freedom),Access to justice (0=non-existent; 1=observed),Property rights for women (0=no right; 5=full rights),Vulnerable employment (% of employees),Early marriage (% of women),Satisfied demand for contraception (% of women),Corruption (0=high; 100=low),Acceptance of gays and lesbians (0=low; 100=high),Discrimination and violence against minorities (0=low; 10=high),Equality of political power by gender (0=unequal power; 4=equal power),Equality of political power by socioeconomic position (0=unequal power; 4=equal power),Equality of political power by social group (0=unequal power; 4=equal power),Years of tertiary schooling,Women's average years in school,Globally ranked universities (points),Percent of tertiary students enrolled in globally ranked universities
Afghanistan,AFG,31.21,37.89,27.06,28.7,53.54,45.52,26.13,26.36,38.53,34.41,11.11,24.18,39.89,37.54,32.08,5.27,23.4,548.77,76.1,57.588,266.28,60.3793,11.737,38.0679,19.4155,89.5,NA,303.316,6.55,0.454451,5,59.6933,31.7411,NA,53.9303,0.56373,1.03134,56.1913,7,0.13725,55.2,13.4046,1263.16,26.649,1.50189,201.358,0,611.079,0.104392,10,0.600794,1.93538,0.205822,2.1019,70.3,0.17,42.3,11,0.021395,8.6,1.03497,1.66218,2.81908,0.28,0.98,0,0
Angola,AGO,36.77,42.18,38.05,30.08,63.26,31.55,36.13,37.78,43.89,29.07,35.47,43.79,54.38,29.36,27.53,9.04,15.3,262.493,91.2,34.064,491.796,40.8303,28.4298,38.1597,56.9515,32,1.7145,122.308,10.49,0.439456,5,28.1568,66.0301,80.9996,26.6794,0.62886,0.566774,52.2003,10.2,0.23529,27.8875,16.3791,511.106,38.449,0.754436,80.9415,0,999.932,5.80383,10,0.461186,2.77998,0.478579,3.73041,51.6,36,25.2,15,12.626999855041504,7.7,1.89549,0.864396,0.874399,NA,5.31,0,0
Albania,ALB,70.85,83.47,79.25,49.84,90.54,92.93,82.84,67.57,90.24,77.93,65.9,82.93,84.39,48.12,48.42,18.44,5.5,12.174,14.4,24.402,18.0408,91.3679,85.8234,97.6767,0.46913,100,4.72439,40.2846,4.3,0.97308,4,9.09459,97.247,99.2562,95.7541,0.92692,2.48639,115.026,60.1,0.52941,93.8333,21.6707,360.432,63.737,2.63152,45.8914,80.73,278.362,16.0583,27,0.774892,3.84872,0.90232,4.355,56.7,7,26.6,36,11.723600387573242,4.7,2.19525,1.57069,2.94746,0.07,12.26,0,0
United Arab Emirates,ARE,74.58,88.43,80.08,55.23,94.55,98.17,97.75,63.25,91.44,92.29,62.54,74.06,54.73,77.99,47,41.18,4.6,8.526,7.9,11.77,42.9767,99.6319,NA,99.9771,0,100,6.60228,1.03786,0.63,0.816607,2,54.0653,NA,99.5224,NA,NA,3.119,185.418,90.4,0.84313,NA,20.3311,416.013,64.541,2.61968,82.3617,96.87,402.673,12.2269,7,0.415513,3.43709,0.578945,3.12522,0.9,7,59.6,70,NA,3.6,1.42074,2.57444,1.38885,0.43,13.18,6,30
Argentina,ARG,74.48,81.86,77.55,64.02,94.05,98.56,75.88,58.96,92.28,79.33,63.36,75.21,84.44,66.03,65.01,40.62,3.6,58.946,12.1,7.322,67.1743,99.632,99.5703,94.8372,0,99.9592,2.56035,3.92565,7.51,0.84114,4,16.429,98.0259,99.8411,107.075,1.05939,2.56006,142.466,64.7,0.54901,93.3333,21.5044,378.725,59.255,2.60945,35.1953,72.13,412.649,7.34165,31,0.897093,3.82664,0.605366,4.7456,20.1,13,81.2,32,65.18119812011719,4.7,2.4381,2.74582,2.86345,0.3,13,19,20
Armenia,ARM,69.66,86.74,73.88,48.35,91.37,96.82,84.65,74.11,89.07,70.22,58.23,77.99,70.86,54,37.72,30.84,4.6,21.118,14.7,21.257,20.1141,98.461,97.2506,91.5014,0,99.989,4.76874,27.6595,1.97,0.818791,3,8.53755,99.7444,92.8093,86.0376,1.05151,3.07496,119.025,54.6228,0.52941,70,20.2314,564.585,60.365,2.85602,68.4242,84.51,397.336,16.9991,16,0.632967,3.11692,0.675168,4.80159,41.9,8,40,35,2.2653000354766846,5.6,1.20808,1.20689,3.15748,0.88,13.1,0,0
Australia,AUS,87.66,94.53,88.7,79.76,98.4,97.96,96.27,85.48,92.26,92.98,84.53,85.04,96.61,87.09,69.17,66.16,2.5,6.089,4,3.117,13.035,99.9598,90.9684,100,NA,100,6.30313,0.216089,1.05,0.935666,2,6.79635,NA,99.9224,158.147,0.86923,3.2127,106.753,84,0.94117,93,25.2421,206.507,80.044,3.22744,8.17685,99.44,670.506,14.2218,40,0.948509,3.88381,0.953285,4.81428,10.8,1,83,79,76.3427963256836,4.1,2.52294,2.50427,3.30415,1.05,14.54,59,50
Austria,AUT,86.5,96.02,89.28,74.2,99.08,99.99,97.67,87.35,95.25,86.04,83.53,92.29,94.62,87.37,65.71,49.09,2.5,3.449,3.7,1.202,6.6028,100,NA,99.9755,0,100,6.5798,0.759103,0.71,0.952302,2,5.64788,NA,NA,100.128,0.96485,3.34897,150.032,80.9958,0.62745,97.2222,24.0447,246.805,78.732,3.81906,21.5272,99.08,208.98,17,37,0.963743,3.50516,0.98591,4.87761,8.5,0,83.5,76,67.58820343017578,4,2.32365,2.71359,2.85122,0.56,13.29,14,40
Burundi,BDI,37.63,41.46,43.62,27.82,48.06,55.79,22.5,39.47,64.15,21.56,35.92,52.84,33.96,38.52,32.21,6.58,NA,395.039,77.9,56.451,666.582,55.8256,32.359,50.4751,3.42293,7,2.08396,186.761,3.97,0.072678,4,32.1181,61.5697,97.0815,45.106,0.90781,0.803855,32.2819,1.38,0.05882,42.4,15.091,548.284,41.805,1.28161,95.072,0,400.575,7.90814,5,0.252977,3.06081,0.253132,1.31355,94.2,10,42.8,21,3.4667000770568848,8.1,1.23778,2.24217,1.61075,0.04,4.23,0,0
Belgium,BEL,86.73,92.77,88.32,79.1,98.62,99.88,95.56,77.01,93.15,87.26,82.01,90.88,96.11,88.3,75.56,56.44,2.5,8.788,4.1,1.191,26.5762,100,100,99.4861,0,100,6.17368,0.348133,1.84,0.94948,3,8.51746,NA,99.0215,163.931,1.13689,3.61813,113.509,85,0.62745,98.25,23.8584,267.352,77.651,3.74898,24.8778,98.08,245.51,17,40,0.978787,3.59396,0.980775,4.78484,10.9,1,90,77,82.04070281982422,4.4,2.90437,3.12162,3.3135,1.17,14.51,14,30
Benin,BEN,48.01,44.44,52.21,47.38,57.46,32.8,30.86,56.66,60.57,45.3,46.06,56.91,91.53,33.55,58.47,5.96,10.8,378.251,102.8,49.163,455.817,66.572,41.7166,13.6466,77.0506,34.1,1.72308,169.662,6.35,0.858591,4,24.2266,32.9488,96.3604,58.8474,0.71407,2.94193,84.1905,6,0.17647,65.9,17.0467,466.349,43.541,2.25753,94.3764,10.7,639.494,17,33,0.894348,3.89123,0.933821,4.65881,89.6,22,24.4,37,10.635199546813965,3.6,2.5115,2.49324,3.15224,0.15,2.73,0,0
Burkina Faso,BFA,43.07,45.25,42.71,41.24,57.81,28.95,26.4,67.86,45.51,36.85,40.43,48.04,81.13,33.5,47.7,2.65,19.9,348.991,92.8,36.24,581.847,53.3413,25.3506,21.6657,66.7178,19.2,1.69483,168.388,0.71,0.707409,3,24.4511,34.5994,70.0531,33.7188,0.92169,0.84012,71.0475,9.4,0.13725,47.75,16.4069,475.786,44.553,1.15714,105.217,0,882.485,15.6099,21,0.893521,3.79475,0.793877,4.20249,91.6,32,43.5,38,10.536800384521484,4.7,1.47315,2.44583,2.7804,NA,1.86,0,0
Bangladesh,BGD,50.58,61.28,52.46,38.01,71.74,66.4,48.61,58.38,67.7,50.02,46.45,45.68,62.17,38.71,38.84,12.31,16.4,247.768,38.6,46.849,120.504,97.1686,13.7164,45.5466,1.6423,62.4,2.69222,136.968,2.8,0.320168,3,18.1158,62.4862,96.0339,63.4152,1.12887,1.2012,79.5871,13.9,0.39215,62.2,19.853,484.75,49.236,0.806418,118.051,0,384.655,3.29012,21,0.517731,2.53646,0.450738,4.55354,57,46,74.5,25,23.98509979248047,8.9,2.15163,1.04523,2.81035,0.16,5.09,1,0
Bulgaria,BGR,74.24,87.69,72.68,62.34,95.01,96.23,83.69,75.84,90.85,65.1,58.78,75.98,86.89,67.89,57.75,36.83,4.4,22.422,8.8,10.006,18.564,99.2531,99.1238,85.9713,0,100,4.34192,17.2469,1.5,0.877969,3,9.51142,98.3524,94.9984,102.344,0.96784,2.39847,131.359,55.49,0.2549,74.1667,19.768,555.923,59.914,3.163,76.6907,93.93,515.23,16.9779,33,0.869425,3.38039,0.826037,4.78369,8.5,9,61.4,41,26.417400360107422,5.3,2.64267,2.46838,2.95688,0.85,13.62,1,10
Belarus,BLR,71.02,87.43,71.74,53.89,97.82,95.39,90.71,65.82,97.38,62.39,57.48,69.71,54.25,72.26,49.35,39.69,2.5,7.117,4.2,4.947,17.3949,97.9946,88.7107,94.2998,0,100,NA,3.19529,3.51,0.660953,3,14.6903,99.6171,98.8902,104.827,0.98568,3.54498,120.212,59.02,0.35294,52.5,19.2421,711.285,64.312,3.54017,86.3731,97.54,546.494,10.384,4,0.35238,2.56177,0.622312,4.34888,2,4,73.4,32,12.354299545288086,7.1,1.97135,2.99896,2.6504,NA,14.86,2,10
Bolivia,BOL,63.49,70.89,66.52,53.06,77.57,68.18,77.77,60.03,80.3,62.49,53.74,69.56,74.42,56.3,56.12,25.39,21.9,180.492,39.6,22.414,121.784,92.0433,73.7919,51.6527,41.9027,90.0387,4.41742,43.8127,12.4,0.890576,3,24.33,93.1236,90.1511,86.405,0.9838,0.945183,98.9413,34.6,0.41176,70,20.3959,349.268,48.434,1.6138,57.8927,63.66,785.568,16.5269,29,0.784224,3.88397,0.445667,3.85867,32.8,15,55.4,34,38.70709991455078,6.2,2.12452,3.37326,2.15091,0.82,9.86,0,0
Brazil,BRA,73.91,78.71,78.06,64.94,93.86,91.04,81.65,48.3,86.12,79.89,60.34,85.89,87.78,72.29,64.11,35.59,2.5,68.027,16.4,6.752,65.0038,97.2331,95.5322,85.342,12.5434,99.6502,3.78016,8.86564,26.52,0.820876,4,24.6123,91.7294,96.6388,99.651,1.0511,1.55042,137.469,54.551,0.70588,90.5714,21.5287,372.397,59.794,1.80801,29.0838,81.08,328.002,16.9797,33,0.931478,3.8989,0.683299,4.73115,27,4,88.5,38,63.18769836425781,5.7,2.73261,2.54761,2.96408,0.38,9.6,28,10
Barbados,BRB,75.45,89.47,73.97,62.92,94.15,97.68,96.2,69.86,93.77,66.52,70.43,65.15,94.41,81.17,58.12,17.96,4.6,40.958,13,7.294,58.4808,98.1312,98.3977,96.4561,NA,100,6.28662,0.072599,8.5,0.933685,NA,10.9334,NA,92.9448,108.545,1.03303,3.57397,107.788,75.16,0.09803,76,22.3009,335.972,62.454,3.41831,21.6609,64.44,821.103,1.03415,40,0.894234,3.79888,0.924844,4.78508,15.7,NA,74.5,74,NA,4.1,2.81361,2.28734,2.731,0.15,11.15,0,0
Bhutan,BTN,64.29,82.23,62.45,48.18,76.1,90.16,84.73,77.91,76.77,46.56,62.81,63.67,75.8,63.35,48.98,4.6,NA,201.753,35.1,34.839,106.88,97.5593,99.6183,62.3299,0,96.9126,5.75566,61.5253,2.52,0.834626,2,12.3736,57.0336,84.6195,82.915,1.0647,3.56895,80.435,30.3,0.35294,37.7,20.7081,385.584,51.896,3.50376,83.2227,0,261.459,17,29,0.774841,2.58863,0.787868,4.20444,71.7,14,81.2,65,16.377899169921875,7.6,2.20629,2.4564,2.9568,NA,3.23,0,0
Botswana,BWA,61.95,65.74,64.79,55.3,69.71,70.33,55.11,67.82,79.84,57.73,49.01,72.6,81.75,78.6,46.38,14.49,24.6,99.455,44.6,30.512,532.112,79.0795,89.7333,59.8643,36.495,56.3696,2.71957,71.928,10.53,0.888947,2,22.457,NA,90.3646,78.4158,1.09114,2.53395,157.27,36.7447,0.31372,58,17.3526,587.802,53.88,2.57021,61.1802,49.56,455.13,17,28,0.77897400000000006,3.78378,0.899743,3.76338,14.5,5,77.5,63,24.91349983215332,5.1,1.53175,2.11868,2.4613,0.15,8.71,0,0
Central African Republic,CAF,26.01,25.03,23.53,29.46,20.9,36.94,11.89,30.4,27.7,19.68,22.05,24.69,38.4,27.29,45.24,6.91,48.6,865.336,133.6,42.184,1259.42,54.051,17.7417,24.9757,35.5604,12.7842,NA,243.056,13.63,0.548198,5,46.5432,36.7526,68.3522,15.8949,0.51347,1.13563,25.5929,3.6,0.03921,41.6667,12.3827,740.627,29.847,1.27563,137.552,0,10923.6,17,1,0.682911,2.81897,0.098527,1.71105,73.6,42,37.4,24,10.833399772644043,9.3,2.53155,2.58729,2.40382,0.06,4.27,0,0
Canada,CAN,87.65,93.11,88.36,81.49,98.36,92.32,97.48,84.27,95.97,86.22,82.49,88.77,95.86,88.5,72.32,69.26,2.5,8.719,5.2,2.151,18.5557,99,68.95,98.5,NA,100,6.52894,0.091989,1.44,0.956488,2,8.247,NA,99.5981,110.887,1.00839,3.02065,80.8572,87.12,0.82352,94,24.8157,233.807,78.305,3.23119,11.7731,96.35,494.75,17,40,0.953445,3.80092,0.941824,4.77338,10.6,3,87.8,83,84.81400299072266,3.6,2.88778,2.93336,2.45022,1.64,15.65,46,NA
Switzerland,CHE,89.04,96.53,89.83,80.76,98.86,99.97,99.03,88.27,97.68,82.3,88.22,91.1,96.37,90.36,76.77,59.55,2.5,6.376,4.2,1.179,13.3675,100,100,99.8916,0,100,6.83549,0.75,0.7,0.967379,2,4.34827,NA,99.8316,101.178,0.96536,3.73232,135.486,87.4,0.37254,100,25.3404,196.146,83.057,3.72333,14.4085,99.67,112.851,10.8224,39,0.978484,3.76098,0.979823,4.75277,8.6,1,86.4,86,72.90190124511719,3.8,3.03149,3.04681,3.57263,1.1,14.42,20,40
Chile,CHL,80.47,90.06,83.04,68.32,96.81,99.55,91.65,72.21,86.84,87.61,71.78,85.94,92.65,80.5,57.27,42.89,3.8,22.419,8.5,3.063,32.5754,100,99.7879,99.7584,1.23849,99.9953,5.53383,4.38586,3.16,0.915807,3,12.9294,96.2671,94.3986,99.8874,1.01063,1.27825,134.444,61.11,0.94117,93,23.8694,256.02,67.812,2.17293,25.3143,98.55,270.378,10.435,38,0.967601,3.80599,0.861763,4.53176,22.7,6,86.3,70,63.838401794433594,3.8,2.18341,2.11398,2.00924,0.54,13.29,13,20
China,CHN,62.67,78.96,66.72,42.35,91.59,85.93,81.89,56.42,87.02,60.38,57.3,62.18,33.22,73.33,28.67,34.16,10.5,30.816,11.5,13.449,23.7806,94.9464,76.0997,74.079,2.71552,99.9985,5.34435,74.0867,0.78,0.410833,4,22.3895,95.1245,NA,95.03,1.01818,1.59852,92.5173,47.9,0.64705,36.3333,20.3383,442.755,64.841,1.51097,97.2271,80.2,747.311,11.4952,1,0.209794,1.24147,0.395672,3.12001,32.9,2,95,37,13.679100036621094,8.1,1.66461,1.5049,0.785229,0.18,9.82,73,0
CÃ´te d'Ivoire,CIV,45.99,50.84,47.55,39.58,54.72,48.86,48.89,50.9,45.02,47.99,33.54,63.66,70.01,36.35,44.09,7.87,15.2,530.963,98.3,35.311,596.242,72.9666,49.6413,29.4251,47.5688,61.9,3.86654,183.259,12.8,0.828858,4,27.8357,43.9084,77.7037,43.2886,0.71474,0.856438,98.1059,19.2742,0.17647,50.8462,15.5969,597.251,40.758,0.888299,97.4019,44.63,537.705,17,20,0.695216,3.79839,0.664061,3.28722,76.5,25,35.2,32,3.03629994392395,8.3,2.06968,2.26779,3.07178,0.17,3.87,0,0
Cameroon,CMR,44.5,52.77,45.28,35.44,58.93,55.03,43.06,54.05,72.49,39.81,38.58,30.25,66.57,35.93,27.4,11.88,8.3,499.553,87.5,34.56,607.433,64.6504,39.4334,38.869,13.907,56.8,2.4457,157.305,2.86,0.55411,4,24.4172,71.2905,95.6621,60.6943,0.85728,2.29263,76.6148,16.2149,0.15686,45.7143,16.4891,512.517,42.156,1.11185,128.891,0,1424.92,9.58623,9,0.673898,3.64145,0.56205,4.22848,73.7,26,38.4,27,6.710400104522705,8.5,1.64358,1.33273,1.15473,0.12,7.17,0,0
"Congo, Democratic Republic of",COD,34.97,36.94,41.5,26.45,46.64,38.75,23.57,38.81,54.21,24.94,37.49,49.38,40.63,29.9,25.81,9.47,NA,551.915,101,44.038,652.365,41.3393,30.6706,19.8774,18.0909,13.5,NA,174.294,13.97,0.15895,4,23.6095,76.0299,NA,46.1942,0.63951,1.33801,50.3276,3,0.0196,39.45,15.6447,473.278,39.593,1.209,91.3808,0,807.465,11.9678,9,0.515214,3.23354,0.165906,1.44269,73.8,25,18.3,22,8.363300323486328,9.7,1.39585,1.42942,1.45757,0.04,6.26,0,0
"Congo, Republic of",COG,44.98,50.37,52.15,32.43,60.15,52.67,47.41,41.27,66.7,40.8,35.63,65.47,52.6,37.68,25.98,13.44,27.3,494.762,56.5,24.49,545.085,67.5443,56.6378,14.9484,19.9791,51.8624,NA,134.546,10.65,0.232926,4,24.5997,79.3112,87.2205,52.1189,0.86601,1.4959,101.211,7.11,0.09803,39.75,15.9932,552.216,43.171,0.749088,97.3104,31.97,310.739,17,6,0.329089,3.75948,0.268829,4.0576,72.3,20,37.2,23,5.873300075531006,6.9,1.04846,1.15342,1.29838,0.06,8.85,0,0
Colombia,COL,70.58,78.37,77.03,56.34,90.92,87.99,85.99,48.58,83.63,73.72,67.11,83.68,76.53,60.95,46.68,41.21,8.8,64.551,16.3,12.658,31.0774,96.231,87.6128,83.9165,14.5941,97.7909,4.96087,19.8757,32.57,0.695461,4,15.8127,94.1862,94.9851,98.0919,1.07128,1.1796,115.773,52.57,0.88235,54,23.0409,248.25,61.003,1.98291,31.7394,77.21,274.179,14.083,29,0.795604,3.65921,0.583693,3.9366,46.7,17,86.1,37,57.90380096435547,7,1.90286,2.02538,1.70232,0.9,10.81,12,10
Comoros,COM,52.24,64.06,51.41,41.25,67.62,69.93,57.89,60.79,64.97,30.1,43.47,67.09,69.26,38.93,46.04,10.78,NA,202.612,78.3,34.772,347.534,83.6878,62.6795,34.1472,0.61791,72.9177,NA,118.759,8.42,0.772393,NA,20.0211,49.1961,86.6188,61.0906,1.06834,1.84064,50.4356,6.98,0.03921,53.3333,17.5613,445.005,42.889,1.38202,50.2372,26.32,370.337,9.48652,24,0.830248,2.12012,0.655611,4.08539,59,NA,33.3,26,8.00469970703125,5,1.61918,2.49817,2.36217,NA,6.03,0,0
Cabo Verde,CPV,66.42,73.67,66.86,58.73,87.21,70.85,68.69,67.94,80.92,53.89,61.65,71,91.16,68.45,64.25,11.04,14.6,31.485,23,13.371,138.385,85.832,88.449700000000007,64.8179,46.8779,87.8767,3.17139,58.1813,10.65,0.9424,NA,12.3331,86.3028,87.0425,85.2883,1.1038,2.84738,116.515,40.26,0.09803,59.5,20.0551,392.444,57.775,3.00117,66.1971,82.2,214.271,2.25354,37,0.922406,3.91923,0.858415,4.38214,39.8,NA,78.9,55,NA,4.1,2.25791,2.84759,3.63296,NA,6.14,0,0
Costa Rica,CRI,80.97,88.22,86.26,68.42,95.27,98.72,91.82,67.06,94,83.15,81.07,86.81,95.05,75.45,65.63,37.55,5.6,26.863,9.4,6.798,19.0851,99.5634,98.7683,96.9962,0.49008,99.3593,5.6004,4.30782,8.73,0.972306,3,16.3147,97.4066,96.813,123.086,1.04026,3.20901,147.563,53,0.82352,93.75,25.0252,205.491,66.847,3.68901,17.3416,64.78,206.605,16.0466,37,0.974631,3.69125,0.956928,4.83877,14.9,13,89,55,50.294898986816406,4.4,3.06137,2.11553,3.30006,0.77,10.92,3,20
Cuba,CUB,68.52,87.04,70.87,47.66,95.87,90.92,90.69,70.7,94.57,35.84,73.11,79.96,27.48,69.23,61.77,32.15,2.5,50.667,5.7,6.755,41.5335,95.0438,78.8706,90.7186,1.14945,100,NA,3.29328,4.72,0.840039,3,8.88099,99.7525,95.4616,100.39,1.0365,3.37602,22.1224,29.0702,0.35294,55.5,22.4529,351.862,65.346,3.81197,32.6753,72.52,NA,10.3271,1,0.10032,2.31766,0.171677,2.09371,10.2,23,87.8,47,NA,4.2,2.37924,2.93869,2.55074,0.76,13.19,1,0
Cyprus,CYP,81.85,91.72,84.98,68.86,98.19,99.87,91.6,77.21,98.08,74.74,80.09,87,92.62,79.49,54.06,49.27,4.7,10.22,2.9,1.253,14.4238,100,100,99.4252,0,100,5.43458,0.591247,1.05,0.952156,3,12.296,98.6784,98.6002,99.7783,0.99277,3.73004,130.192,69.33,0.31372,92.8,23.1211,253.125,74.93,3.7639,25.0885,79.34,290.311,17,38,0.93448,3.3302,0.955597,4.80181,12.7,2,NA,61,32.014198303222656,6.5,2.36178,2.7508,2.48787,1.32,14.64,2,20
Czech Republic,CZE,83.72,95.09,83.06,73,98.48,99.73,96.52,85.65,98.18,75.85,74.24,83.96,94.17,80.27,65.14,52.4,2.5,7.152,3.1,2.7,20.2894,99.8797,99.8797,99.1365,0,100,6.39604,2.15202,0.93,0.972272,2,8.82751,NA,NA,105.047,1.00958,3.77434,131.274,74.2317,0.2549,97.7778,21.7127,373.594,73.052,3.80147,44.2332,95.77,418.511,17,38,0.966405,3.60452,0.935817,4.77876,13.8,0,81.7,56,45.925498962402344,5,2.27193,3.12257,3.46679,0.54,14.47,11,50
Germany,DEU,88.69,95.62,89.58,80.88,98.81,99.82,96.64,87.22,95.8,89.72,81.37,91.42,96.56,89.11,77.2,60.66,2.5,10.113,3.9,1.003,16.9129,100,100,99.2185,0,100,6.3873,0.830966,0.85,0.957564,2,5.17205,NA,99.8105,101.061,0.95345,3.33915,122.138,86.19,0.70588,99.5,23.5843,269.393,77.15,3.76634,22.5571,99.65,254.377,17,39,0.971567,3.71887,0.988331,4.83275,6.1,0,82.9,81,75.72769927978516,4.8,3.41494,3.02373,3.45158,0.76,14.24,91,40
Djibouti,DJI,45.22,60.61,38.94,36.1,65.27,54.02,65.37,57.79,42.93,19.52,44.02,49.31,51.71,51.03,35.69,5.99,17.2,352.31,68.2,32.48,395.275,76.8996,79.7357,51.3379,77.0363,52.2694,NA,46.8231,7.6,0.526278,3,18.4498,NA,55.5927,43.2944,0.80198,1.51906,31.469,10.71,0.07843,25.8,17.8558,449.002,42.934,1.41184,78.0293,0,528.075,1.33436,9,0.306086,2.49296,0.69354,3.32982,37.8,NA,41.7,34,5.293600082397461,6.7,1.79342,1.31808,2.08921,NA,4.05,0,0
Denmark,DNK,89.25,96.17,89.48,82.1,98.73,99.91,98.33,87.7,97.45,88.13,79.91,92.45,97.89,92.23,81.77,56.52,2.5,4.093,4.2,1.124,26.581,100,100,99.5972,0,100,6.69314,0.307264,0.85,0.968302,2,4.58607,NA,99.9456,130.259,1.04747,3.7892,126.418,95.99,0.54901,98.75,23.3842,278.818,76.649,3.60255,20.4056,98.45,205.846,17,40,0.985186,3.8647,0.987369,4.81205,5.1,0,83.5,91,77.39600372314453,4.6,3.3186,3.52844,3.82082,0.95,15.13,12,40
Dominican Republic,DOM,64.92,74.98,70.11,49.66,87.11,87,74.44,51.37,73.71,61.85,60.33,84.55,82.74,55.75,39.31,20.82,13.6,65.926,32.2,10.544,91.0815,94.2337,79.6124,82.5374,7.85986,98.471,2.59094,13.1055,22.33,0.842101,4,20.7726,91.7638,88.7478,77.8208,1.10236,0.723946,79.7969,49.58,0.33333,80,22.3624,287.934,59.564,1.02001,37.5527,90.17,284.671,14.0774,29,0.82529,3.79717,0.669168,4.63314,41.2,27,83.9,33,28.11009979248047,6,1.17351,1.7945,2.07479,0.36,11.12,0,0
Algeria,DZA,65.64,79.94,71.89,45.1,90.39,88.46,83.8,57.11,88.33,54.95,66.77,77.53,57.05,67,38.97,17.39,4.7,79.824,25.6,13.873,37.5817,93.2608,76.8555,87.3252,3.11266,99.2343,4.02131,1.02901,1.26,0.615739,4,27.0889,75.136,99.2749,99.655,1.03799,2.79232,110.699,29.5,0.07843,74.5,22.1731,308.745,60.252,2.65902,44.1414,91.6,368.78,7.37916,11,0.617527,1.88185,0.58012300000000006,4.12124,38.3,2,75.8,36,20.578399658203125,7.9,1.7294,2.11016,1.85587,0.46,7.74,0,0
Ecuador,ECU,68.86,78.33,74.51,53.74,86.07,87.45,86.03,53.75,92,64.05,69.55,72.45,81.19,57.48,50.51,25.78,11.7,69.62,22.2,23.48,53.6551,91.9902,84.7667,85.1598,9.58632,98.9761,4.57759,6.20591,11.01,0.929419,4,27.7558,94.2226,99.0287,107.7,1.03902,2.60583,104.418,45.5904,0.49019,58.37,23.6784,243.078,57.669,2.57155,21.8566,0,353.2,15.4978,24,0.837162,3.63314,0.732003,4.6212,41,22,82.3,32,41.95349884033203,7.5,2.11486,2.35591,2.59186,0.38,11.24,2,0
Egypt,EGY,58.28,77.68,60.36,36.79,87.71,97.09,80.92,45.01,77.06,56.01,42.33,66.02,27.25,65.32,16.18,38.4,4.4,55.592,24.7,26.307,52.4946,98.3487,96.9785,93.118,0,99.8,3.45083,1.10201,3.23,0.089547,3,36.2701,75.0607,98.4162,84.5669,0.99465,0.286665,103.816,33.8946,0.54901,33.6,18.4172,623.826,56.131,0.573648,122.951,86.32,334.306,12.2977,9,0.094293,2.10175,0.230611,1.34508,25.4,14,80.5,36,NA,9,0.616442,0.530158,1.24091,0.41,9.06,7,40
Eritrea,ERI,31.61,39.47,31.88,23.47,56.36,12.44,48.45,40.64,40.64,6.44,38.65,41.78,11.92,42.43,33.9,5.63,NA,600.677,47.6,35.037,503.382,19.0207,47.0779,11.1566,88.65,44.3467,NA,116.685,8.3,0.106412,4,23.1242,64.663,43.1336,33.142,0.85035,1.29436,8.79469,0.99,0,14.5,15.539,559.152,37.058,2.22974,91.8565,0,961.367,4.8627,1,0.030155,1.13626,0.052173,0.861619,7,31,25.8,18,NA,6.6,1.08244,2.7755,0.727899,NA,3.95,0,0
Spain,ESP,86.72,93.99,90.06,76.11,98.99,99.94,95.72,81.31,97.31,84.97,84.46,93.51,94.39,81.42,70,58.63,2.5,5.616,3.4,1.096,13.7776,99.9436,99.9436,99.9044,0,100,6.21424,0.763783,0.65,0.93432,3,5.03259,98.0937,99.1357,129.48,0.99755,3.43652,109.209,76.19,0.78431,83.75,25.248,225.418,79.819,3.33325,13.7411,99.71,228.027,17,39,0.939366,3.60673,0.948438,4.79549,12.4,1,84.7,58,87.37960052490234,5.9,2.50917,2.63439,3.66546,0.96,13.5,36,40
Estonia,EST,82.8,90.45,85.99,71.96,97.46,98.91,90.69,74.73,96.68,90.28,72.75,84.26,95.7,82.59,53.94,55.63,2.9,6.654,3.3,6.485,14.2652,99.6153,96.2348,99.574,0,100,5.56043,13.1609,3.94,0.969796,3,7.55129,99.8858,93.5663,110.86,0.99645,3.82803,143.933,84.2415,0.7647,98.1429,21.8435,399.578,71.31,3.70013,25.098,96.42,615.433,17,38,0.975195,3.78358,0.963337,4.75552,5.7,5,78.1,70,26.574499130249023,6.8,2.27188,2.89319,2.72481,1.1,14.47,3,50
Ethiopia,ETH,38.79,43.8,41.36,31.21,55.71,29.57,36.26,53.68,60.63,22.6,33.43,48.77,43.87,49.55,26.07,5.34,29.4,470.06,64.4,44.062,433.698,37.6198,31.605,6.79961,35.8398,27.2,3.10282,168.634,8.47,0.449926,3,22.9995,NA,86.4468,35.0998,0.95887,1.10818,31.3146,7.7,0.2549,24.6,16.2894,535.562,34.41,0.811968,82.4129,0,1048.88,14.6504,4,0.281011,3.12623,0.47721,2.404,49.9,23,59.5,33,4.089300155639648,8.6,1.40974,2.16741,0.31177,NA,3.75,0,0
Finland,FIN,89.38,95.62,90.21,82.32,99.15,99.87,98.29,85.16,95.37,89.82,83.72,91.94,96.63,92.04,82.88,57.74,2.5,5.116,2.5,1.168,9.74563,100,100,99.4479,0,100,6.6875,0.36509,1.65,0.965227,2,5.61412,NA,99.3699,150.007,1.10133,3.82889,139.249,86.5304,0.70588,99.6,24.1503,248.451,80.992,3.62459,14.0583,97.01,290.504,17,40,0.951024,3.88546,0.971286,4.73099,10,1,89.9,90,74.42549896240234,2,3.31291,3.24707,3.48576,0.95,15.05,17,40
Fiji,FJI,64.41,84.39,61.05,47.78,90.67,93.29,80.77,72.81,86.26,56.07,27.08,74.79,66.76,62.14,38.36,23.87,4.4,125.185,23,6.792,101,93.7842,86.4071,94.5907,0.25946,95.5934,NA,44.6445,2.97,0.886549,NA,14.3766,NA,98.0294,88.7216,1.10828,2.6157,98.9129,37.4,0.39215,45.5,15.3463,1046.68,44.419,1.65058,28.8251,64.8,317.251,4.39292,27,0.419,3.2462,0.729121,3.47245,39.7,10,65.2,NA,NA,7.1,1.41463,2.02441,2.04907,0.48,12.09,0,0
France,FRA,87.74,93.61,92.1,77.51,98.73,99.68,97.37,78.63,97.62,90.81,86.24,93.71,92.2,87.35,69.26,61.25,2.5,9.297,4,1.259,17.8327,100,100,98.6527,0,100,6.51279,0.280735,1.22,0.926521,3,6.941,NA,99.772,111.067,1.00856,3.45745,101.923,83.75,0.96078,83.4483,25.3833,248.436,78.299,3.96335,13.6489,95.56,177.652,17,38,0.974359,3.41665,0.978295,4.35381,7.4,1,90.8,70,72.80039978027344,7,3.31508,2.85872,3.05304,0.88,14.04,75,40
United Kingdom,GBR,88.47,94.12,91.22,80.08,98.03,99.79,97.82,80.84,96.63,95.35,81.01,91.88,93.98,90.29,64.34,71.7,2.5,7.795,4.5,3.025,32.8154,100,100,99.1138,0,100,6.60671,0.716465,0.94,0.935959,3,4.12853,NA,99.942,125.485,1.03164,3.40165,120.68,91.61,0.96078,93.4613,23.7225,258.97,75.592,3.70797,21.6939,99.82,238.65,17,40,0.95466,3.74501,0.932255,4.46518,12.6,0,93.1,81,82.8270034790039,5.9,2.48115,2.43236,2.89049,0.96,14.9,138,60
Georgia,GEO,69.05,80.95,73.64,52.54,92.93,90.64,79.87,60.37,94.55,73.42,57.07,69.53,82.27,56.79,39.67,31.44,7.5,37.808,12.3,11.227,20.192,92.9423,85.0083,85.6495,0,100,4.93615,72.8818,4.4,0.83249,4,18.6098,99.5862,99.619,101.844,1.02669,2.81366,135.278,44,0.58823,86,19.6818,578.202,56.917,3.19226,70.2701,81.51,488.559,8.18016,27,0.917752,3.65128,0.629241,4.64802,56.2,14,56.1,52,6.762400150299072,8.1,2.04364,1.63091,2.71976,NA,14.57,0,0
Ghana,GHA,58.19,60.04,61.88,52.67,73.25,47.55,48.29,71.07,73.27,59.71,45.77,68.75,88.48,51.76,52.95,17.47,6.5,168.178,63.4,31.747,410.818,76.9588,32.9088,14.0836,31.2088,78.3,2.20613,156.882,1.7,0.927368,3,21.4507,71.4971,97.8255,59.4399,0.94871,1.39152,112.603,25.5177,0.39215,68.3,17.1776,498.41,48.013,1.91158,85.5637,53.73,311.496,13.423,37,0.876603,3.84267,0.789563,4.37398,69.4,9,43.7,47,8.541999816894531,4.6,2.05941,2.45703,3.1095,0.12,7.12,1,10
Guinea,GIN,37.56,42.9,40.98,28.8,52.37,45.97,22.37,50.89,41.48,33.8,34.42,54.2,56.96,27.03,28.25,2.95,16.8,586.279,95.2,37.979,617.116,66.4995,27.9556,21.0798,24.7386,29.922,1.29434,209.126,9.26,0.583251,4,20.4906,32.0039,80.2995,40.3022,0.65611,1.11976,73.5546,6.4,0.0196,46.875,16.0074,548.98,37.825,0.925822,95.5841,51.13,1172.73,16.9514,17,0.759606,3.64054,0.25026,2.38226,65.5,38,20.9,25,4.993199825286865,8.8,1.14905,1.64797,1.82827,NA,2.07,0,0
"Gambia, The",GMB,44.25,56.9,44.97,30.88,69.62,72.4,42.34,43.25,58.36,46.19,47.78,27.55,47.33,33.73,36.67,5.79,9.9,365.973,69.9,24.03,372.35,79.6732,73.4792,42.4796,2.07653,45.2167,2.98537,158.282,9.81,0.146625,4,17.2127,41.9501,77.1319,57.0956,0.95141,1.53909,119.075,15.56,0.21568,42.1429,17.9836,434.457,48.277,1.67739,97.2521,26.32,2540.88,4.00642,5,0.176238,2.97412,0.621447,3.06926,75,25,27.9,28,NA,3.4,1.38417,1.43015,1.27373,0.06,3.48,0,0
Greece,GRC,82.7,91.37,85.74,70.98,98.78,99.67,90.28,76.77,94.41,79.63,80.08,88.84,91.11,67.1,67.1,58.61,2.5,11.136,3.9,1.284,12.4294,100,100,98.5875,0,100,5.18769,0.631874,1.38,0.963274,3,11.8939,97.1288,96.1483,99.3342,0.9341,3.71147,107.811,63.21,0.80392,73.5,23.9129,274.668,77.486,3.33006,25.835,97.72,351.485,17,35,0.934823,3.21123,0.964955,4.84049,28.1,4,60.4,46,38.192901611328125,5.1,2.8793,3.67025,2.68429,1.28,13.88,10,40
Guatemala,GTM,58.56,69.02,64.79,41.87,75.89,81.55,79.26,39.39,70.02,54.1,54.79,80.23,68.48,54.14,35.39,9.48,16.4,105.673,30.5,46.411,122.952,93.0883,77.4272,66.8442,10.9369,85.4944,5.41273,63.2878,33.48,0.628758,5,19.2696,81.2859,87.9589,64.4584,0.94317,0.734641,106.206,23.4,0.19607,66.4,21.3814,313.258,51.564,0.97999,47.731,72.59,235.509,13.5187,23,0.781223,3.57689,0.309637,4.04385,37,20,66.3,28,29.532400131225586,8.2,2.2669,1.20381,1.23585,0,6.65,0,0
Guyana,GUY,60.26,74.04,57.08,49.68,83.18,86.82,71.78,54.37,86.72,51.81,37.37,52.41,84.58,55.81,42.58,15.74,9.4,183.664,34.4,18.127,124.773,94.6787,66.1734,85.6384,0.92197,86.9,3.01403,24.5964,20.37,0.797247,3,26.8901,85.6397,96.5344,98.7475,1.04444,2.09661,74.2612,32,0.33333,63.4,16.7759,730.685,46.248,1.55964,61.4069,0,818.464,8.57655,32,0.701653,3.88603,0.802905,4.62723,31.1,NA,55.5,29,NA,6.4,2.07855,2.31526,1.28349,0.02,10.85,0,0
Honduras,HND,57,69.38,57.38,44.23,83.65,85.21,71.94,36.69,64.21,46.46,48.83,70.02,70.25,52.37,40.01,14.3,15.7,110.169,20.1,25.084,59.7173,91.5743,88.6112,78.6925,14.7245,88.6538,3.96574,67.8017,81.93,0.713747,5,18.0942,87.1975,82.8706,63.4764,1.19342,0.76271,87.6933,19.08,0.33333,41.75,19.3545,412.169,52.568,0.860766,61.3514,56.32,591.695,15.0725,19,0.739146,3.76215,0.363039,4.53401,50.5,25,77,31,27.566299438476562,6.1,1.95999,1.10471,2.0223,0.15,8.58,0,0
Croatia,HRV,78.32,89.83,81.35,63.78,96.91,99.15,91.13,72.14,96.15,75.44,68.8,85,89.19,73.08,50.84,42,2.5,12.542,4.9,8.114,10.4484,99.586,99.586,97.4417,0,100,5.60578,11.5559,1.08,0.967688,4,10.3951,99.1254,98.7073,98.232,1.04812,3.66968,104.787,68.57,0.33333,94.3333,20.893,410.387,69.696,3.36464,43.5735,86.58,276.282,17,37,0.85915300000000006,3.74054,0.773972,4.77771,10.4,2,59.6,51,35.286800384521484,6,2.21661,2.15435,2.40917,0.72,12.57,1,40
Hungary,HUN,80.09,91.48,79.5,69.28,98,99.37,91.29,77.27,95.78,76.54,61.58,84.09,89.12,78.44,59.27,50.29,2.5,14.79,5.5,3.411,9.72692,99.9708,99.3395,97.9932,0,100,5.72798,15.4544,1.55,0.916582,3,7.79899,NA,97.1139,103.001,1.00588,3.21471,119.495,75.6532,0.45098,82,20.1571,558.28,67.853,2.96051,56.1145,93.42,259.207,17,32,0.846539,3.85555,0.846043,4.84038,5.8,1,74.9,51,35.06019973754883,5,2.73427,2.34808,2.87954,0.77,13.91,7,40
Indonesia,IDN,61.59,71.26,63.14,50.39,74.97,63.39,74.93,71.75,83.85,55.37,45.99,67.34,76.66,58.71,39.11,27.07,7.6,349.979,28.3,39.732,148.936,88.5982,18.1631,66.4495,22.1953,97.01,4.12777,70.839,0.55,0.782733,3,20.3808,95.1162,91.8567,87.2993,1.01032,1.49942,127.614,17.14,0.29411,68,18.5463,529.787,46.237,1.74641,51.1505,13.6,319.186,11.8697,31,0.847575,2.57615,0.694127,4.30319,55.8,14,80.6,36,3.4495999813079834,7.3,2.07877,1.67591,2.29628,0.26,9.56,10,0
India,IND,53.87,58.81,56.17,46.63,68.21,53.1,60.88,53.02,75.36,54.03,40.98,54.31,76.54,45.39,38.22,26.35,15.2,255.952,47.7,47.772,283.461,87.1069,43.3234,42.6667,57.3943,81.2395,3.70964,127.326,3.28,0.543241,4,24.9217,69.3026,97.73,73.979,1.01246,0.920101,72.9607,21,0.62745,56.8333,17.4592,559.296,44.798,1.30592,123.045,58.83,464.659,5.1047,35,0.711303,2.89747,0.733344,3.9761,79.2,28,72.2,38,20.933799743652344,8.5,2.00014,1.72416,2.01102,0.33,5.79,26,0
Ireland,IRL,88.09,94.79,87.97,81.5,98.74,97.46,96.84,86.12,96.57,87.51,79.23,88.56,95.88,85.29,75.17,69.68,2.5,6.55,3.8,1.246,23.2084,98.9223,98.9223,91.9386,0,100,6.42144,0.67686,1.11,0.935693,2,4.99068,NA,99.6785,127.208,1.02151,3.31007,104.828,83.4917,0.64705,98.8,23.814,250.989,77.916,3.00034,18.7482,91.19,290.347,14.7259,39,0.959419,3.86745,0.950653,4.73064,12.6,0,79.9,75,80.98390197753906,1.6,2.37993,2.82525,3.2539,1.68,14.53,16,50
Iran,IRN,63.06,80.88,68.54,39.77,94.07,93.2,89.32,46.93,87.52,56.49,65.05,65.09,38.98,55.29,30.05,34.75,5.5,16.925,16.3,8.652,29.7394,94.9137,92.5539,88.2224,1.6844,100,5.01571,1.01283,5.22,0.339543,3,38.4143,84.7052,99.4144,88.9459,1.0023,2.17145,87.8589,39.35,0.29411,64.6,20.5895,379.013,64.468,2.90454,68.7983,64.32,550.951,6.97836,7,0.285461,1.56063,0.452128,2.90395,40.4,21,76.7,27,NA,8.8,1.51325,2.40919,0.954702,0.81,9.89,9,0
Iceland,ISL,89.62,96.53,90.49,81.84,99.1,99.71,98.3,88.98,98.45,87.13,87.09,89.28,94.49,87.86,81.46,63.55,2.5,0.907,2.3,1.148,21.0849,100,100,98.7787,0,100,6.6901,0.372048,0.31,0.960058,2,5.69343,NA,98.6773,119.083,1.00784,3.79733,112.662,98.16,0.49019,98.2857,24.4501,201.939,83.962,3.7674,13.547,94.47,212.188,11.6455,40,0.935489,3.51091,0.964142,4.78408,8.8,1,NA,79,88.5969009399414,1.3,2.91355,3.00417,3.25803,1.31,14.86,2,70
Israel,ISR,82.04,92,87.8,66.33,98.71,100,95.11,74.18,93.82,87.9,82.32,87.14,82.62,78.62,44.62,59.46,2.5,5.484,3.9,1.502,21.3372,100,100,100,0,100,6.09199,0.464444,1.74,0.789386,3,8.06799,NA,99.9027,102.487,1.01002,2.41104,119.627,75.0178,0.86274,88.8,24.5355,217.079,74.437,3.55932,18.9092,99.49,389.668,13.1948,36,0.743902,3.10281,0.862681,4.28607,8.1,3,70.5,61,34.424198150634766,9.8,2.18706,2.31282,2.44989,1.31,15.68,12,30
Italy,ITA,84.85,91.38,88.62,74.54,99.02,99.83,94.19,72.48,96.49,81.7,83.56,92.72,95.04,72.38,67.75,63,2.5,4.361,3.6,1.271,8.92108,100,100,99.2813,0,100,5.91924,0.474341,0.84,0.912707,4,8.6977,98.8483,99.2981,103.177,0.97728,3.35174,150.9,55.6385,0.78431,89.5,24.6145,220.578,78.939,3.43119,17.2755,97.53,215.184,17,36,0.952607,3.81913,0.982249,4.77154,17.8,0,67,44,61.281898498535156,5,2.77818,2.4908,3.5455,0.45,14.28,57,70
Jordan,JOR,69.19,87.03,70.54,49.99,93.59,95.77,90.77,67.98,85.06,64.37,63.76,68.96,63.42,71.76,31.16,33.62,3.9,36.927,18.7,9.861,26.5802,98.6329,86.8489,96.8593,0.13535,99.9856,5.26797,0.056474,2,0.753059,3,19.1561,97.8903,NA,70.0844,1.0353,2.65915,125.917,46.2,0.47058,60.75,21.4679,400.729,63.061,2.49652,53.3284,81.74,426.01,1.17668,11,0.587174,2.8846,0.7057,3.98348,9.5,7,60.8,53,NA,7.7,1.21207,1.92846,1.1271,0.42,12.39,2,20
Japan,JPN,88.19,95.83,93.62,75.13,98.13,99.09,96.67,89.44,98.83,95.14,88.96,91.56,95.44,80.09,61.14,63.84,2.5,6.571,2.8,3.874,26.9811,98.9029,97.7442,99.9996,NA,100,6.37525,0.018964,0.29,0.954523,2,4.61586,NA,98.7999,102.142,1.00591,3.86968,123.169,89.1068,0.96078,94.8571,26.1171,196.196,80.111,3.84968,13.9089,94.06,286.174,17,40,0.882976,3.82381,0.978001,4.80543,9,1,58.2,75,27.630699157714844,3.9,1.97759,3.10735,3.2469,1.37,15.51,64,20
Kazakhstan,KAZ,65.89,81.64,67.3,48.73,93.79,90.3,82.97,59.5,94.05,67.19,49.35,58.63,52.97,66.15,31.01,44.77,2.5,27.121,14,13.58,31.9247,90.9005,74.2316,97.7439,0.03115,99.9881,4.62685,35.0555,6.55,0.589228,3,19.119,99.7816,99.9698,109.45,1.0352,2.7229,163.518,66,0.7647,28.3333,18.5477,744.274,56.089,2.84061,79.5362,79.83,812.119,3.26391,6,0.451153,1.54495,0.715834,4.2109,25.6,5,75.8,28,10.370599746704102,7.3,1.59183,0.607426,2.28618,0.86,13.93,11,10
Kenya,KEN,54,54.74,63.26,44.02,64.81,48.23,51.15,54.78,70.5,57.11,52.75,72.66,61.11,55.31,34.26,25.39,20.5,301.5,53.5,28.484,617.699,57.7046,32.1482,29.9053,15.6072,36,3.72796,97.5056,6.59,0.581356,4,15.4917,78.733,83.119,57.8434,0.90413,2.32525,73.0759,16.5,0.64705,70.3333,18.0046,301.597,51.648,1.78918,35.7184,41.57,523.502,13.8347,22,0.814988,3.4505,0.332976,2.45403,55.1,13,76.6,25,7.576700210571289,9.1,1.75295,2.07002,1.79054,0.28,9.14,1,20
Kyrgyzstan,KGZ,63.24,77.26,64.39,48.08,88.98,91.25,68.29,60.51,91.57,59.07,48.83,58.1,66.59,59.31,38.07,28.36,6.9,58.99,23.5,19.046,42.8645,86.8771,86.7394,96.2611,0.02504,99.8,2.92807,79.606,3.59,0.504543,3,19.3023,99.2434,99.614,93.3467,1.01602,2.25199,130.979,28.3,0.41176,61.7778,18.4715,649.05,55.272,2.29237,88.106,65.61,979.965,12.3627,14,0.774319,2.17833,0.716342,4.33443,39.4,8,66.3,28,11.224599838256836,8.6,1.84689,2.13728,2.07375,0.63,13.79,0,0
Cambodia,KHM,47.09,53.89,50.86,36.51,72.36,44.88,45.77,52.56,63.33,44.11,38.08,57.93,53.76,50.82,31.97,9.49,17.1,178.991,33.7,45.846,221.573,73.4507,20.4189,46.3493,53.283,56.1,3.10918,162.215,1.84,0.508858,4,29.5728,73.9,95.5836,45.227,0.85476,0.490001,133.929,14,0.19607,37.5,17.4092,537.154,44.251,0.572127,77.6491,0,658.37,17,11,0.499069,3.10318,0.399749,3.31536,53.8,11,58.4,21,26.019399642944336,7.1,1.87119,0.83716,1.18706,0.1,5.69,0,0
"Korea, Republic of",KOR,85.37,93.36,88.43,74.32,98.05,99.31,93.32,82.76,98.19,93.24,83.72,78.56,89.46,78.79,60.56,68.46,2.5,13.375,3.6,3.334,25.0507,99.4763,97.8695,99.9243,NA,100,5.74483,0.008723,0.69,0.922625,2,14.7367,NA,97.3683,100.197,1.00142,3.87068,113.704,87.5568,1,85.75,24.0284,234.893,78.19,3.85153,24.8401,98.22,422.985,3.4457,34,0.772177,3.93504,0.926074,4.62765,19.7,0,83.1,54,30.776899337768555,3.1,2.21816,2.44875,3.15685,1.94,14.62,39,20
Laos,LAO,45.94,58.12,49.85,29.86,66.32,61.02,58.88,46.26,70.95,34.33,35.66,58.47,25.72,43.56,38.41,11.75,17.4,274.786,68.5,47.002,181.272,78.3847,39.8101,69.8087,37.2759,81.4579,4.7091,186.171,8.03,0.165351,3,27.3492,58.2879,95.6066,63.6043,0.92496,1.85141,70.2297,14.26,0.19607,29.8333,17.6307,666.779,36.078,1.3762,96.4106,0,378.349,15.9012,1,0.056655,1.79232,0.237633,2.21051,81.3,20,65.9,25,40.72710037231445,6.6,1.39026,1.74292,1.42991,0.22,6.11,0,0
Lebanon,LBN,66.02,78.07,72.86,47.14,93.87,91.58,71.41,55.42,76.41,69.84,71.74,73.45,64.15,62.33,28.55,33.53,5.1,15.5,8.7,14.483,14.1234,91.8006,85.3307,93.7979,NA,100,1.62516,0.005145,4.46,0.63737,5,6.98523,91.1842,84.845,61.3022,0.99197,1.88046,78.2983,73,0.29411,94.1667,23.5168,268.502,71.097,2.07874,36.2378,76.47,366.687,2.88803,13,0.70168,3.30298,0.528088,3.74873,32.9,3,63.3,28,11.938799858093262,8.7,0.751512,1.39156,2.47681,NA,11.39,4,10
Liberia,LBR,44.97,42.21,46.05,46.65,44.92,30.26,31.06,62.61,55.94,34.84,38.97,54.44,82.55,42.66,52.95,8.44,39.2,652.306,73,37.242,729.723,69.3736,4.3073,16.6261,62.3385,9.4,3.10127,167.417,3.22,0.814532,4,15.8891,NA,90.0598,37.3972,0.77622,1.438,73.456,5.41,0.11764,43.1429,16.1962,463.212,43.585,0.916189,39.4456,0,681.629,2.201,28,0.841596,3.81664,0.647176,4.68228,76.5,20,45.3,37,3.2959001064300537,6,2.8588,2.1495,3.10277,0.16,4.37,0,0
Sri Lanka,LKA,66.96,77.92,74.82,48.13,86.37,80.6,79.15,65.56,91.93,69.87,66.66,70.83,66.65,62.74,36.57,26.57,23.7,41.985,9.9,16.118,41.0034,91.3188,37.5667,94.1846,2.9292,92.1921,4.9268,59.6129,2.91,0.669255,3,17.4534,91.1814,99.0812,98.3617,1.04602,2.93771,107.271,25.8,0.64705,83.5,21.72,351.259,64.006,2.71233,44.8349,0,196.037,15.4397,23,0.493724,2.9609,0.671937,4.04634,40.6,9,73,37,2.836400032043457,9.2,1.80986,2.0792,2.40629,0.52,11.6,1,0
Lesotho,LSO,47.84,43.6,46.62,53.3,46.4,56.36,38.37,33.25,60.77,52.6,26.43,46.68,69.21,66.73,61.85,15.42,14.1,461.51,98.3,38.782,1223.24,71.2454,65.1718,41.4078,40.8861,27.8,3.69931,178.479,38,0.512889,3,53.7374,76.6352,82.9695,53.5389,1.34407,2.56565,99.674,22,0.13725,67.5,13.1235,919.007,39.256,2.14932,99.009,37.28,769.174,0.238939,28,0.744044,3.86496,0.580998,2.45895,21.2,15,75.7,44,18.22920036315918,4.1,2.4545,2.82799,3.48403,0.06,10.24,0,0
Lithuania,LTU,80.94,88.51,82.57,71.74,97.11,96.22,91.96,68.77,96.54,84.1,65.83,83.82,96.14,79.39,61.63,49.79,2.5,11.076,4.9,6.775,21.9782,97.3819,94.7637,93.0322,0,100,5.55513,2.83291,6.68,0.908444,3,12.5736,99.8156,99.6083,103.594,0.95773,3.5229,144.086,72.13,0.64705,96,20.9281,523.286,64.992,3.70742,55.7622,93.49,276.635,16.9282,38,0.939482,3.93202,0.95465,4.87305,10.1,0,71.8,59,16.656600952148438,4.6,2.75008,2.53063,3.63779,1.05,14.17,4,30
Luxembourg,LUX,88.86,95.3,89.65,81.64,98.85,99.4,97.61,85.36,97.52,85.92,83.48,91.67,95.29,90.65,78.94,61.66,2.5,13.933,2.5,1.102,18.1445,99.9494,99.8987,97.6163,0,100,6.5603,0.399603,0.18,0.927267,NA,5.69772,NA,98.5969,101.967,1.03821,3.86201,144.235,94.67,0.54901,NA,24.3698,231.512,80.725,3.41165,21.8417,99.76,248.519,17,38,0.953571,3.64264,0.983871,4.83128,6.2,1,NA,85,81.16519927978516,3.1,2.69461,3.17716,3.7853,1.05,14.08,2,80
Latvia,LVA,78.27,89.15,81.17,64.48,96.89,95.55,90.7,73.46,96.43,82.66,61.68,83.91,94.02,79.91,46.96,37.03,2.5,16.547,5.5,6.917,21.6463,98.5269,90.5174,92.4055,0,100,5.55839,12.9566,3.43,0.960755,3,11.3726,99.8959,96.9835,112.23,0.99024,3.44608,118.247,75.83,0.70588,82.3333,20.4326,568.518,65.051,3.1812,56.2098,96.3,296.75,17,35,0.966688,3.89326,0.927536,4.72895,8.3,1,77.4,56,19.605499267578125,7.7,2.473,2.31471,2.24442,0.78,14.44,1,10
Morocco,MAR,64.23,79.95,68.97,43.77,87.47,78.4,87.97,65.94,68.29,71.22,53.93,82.43,61.42,60.29,35.7,17.68,4.3,93.273,29,19.714,94.9143,81.8267,75.4544,82.613,18.8575,91.6,5.38271,7.19533,1.28,0.767129,3,27.8164,69.4254,94.8575,69.6988,0.85423,0.875548,128.546,56.8,0.80392,47.8889,20.667,392.543,54.314,1.25942,49.8919,85.38,346.406,16.9854,15,0.659624,1.41256,0.856214,3.88847,51.7,11,77.7,36,7.206999778747559,7.4,1.60367,1.61331,2.20805,0.37,4.84,1,10
Moldova,MDA,67.1,81.78,67.4,52.12,92.99,80.76,84.25,69.13,88.22,71.82,51.68,57.9,79.55,58.93,42.6,27.41,7.8,29.615,16.4,8.692,32.1469,86.682,59.6758,77.9511,0.23333,100,4.38799,14.7946,4.15,0.802181,3,12.0053,99.1383,91.585,86.1081,1.00808,2.52751,91.8472,67,0.62745,64.5,18.401,651.078,58.421,2.7146,85.5031,83.06,832.024,3.52106,25,0.75337,3.32084,0.750486,4.80386,35.9,11,62,33,5.8140997886657715,7,1.65903,1.90729,3.15334,0.56,13.8,0,0
Madagascar,MDG,42.2,44.54,42.15,39.92,56.52,29.77,22.77,69.09,60.91,31.85,28.6,47.23,69.95,31.87,46.03,11.82,35.5,398.748,50.5,49.201,375.514,49.6229,33.2523,9.3304,54.7305,18.596800000000002,1.87839,203.603,0.62,0.614749,3,18.1955,71.5726,NA,38.5123,0.98901,0.257912,41.1783,3.7,0.35294,44.2857,16.118,681.973,37.275,0.30819,73.6275,0,877.999,5.81281,24,0.657013,3.64954,0.365541,4.48215,85.5,40,57.6,28,2.2992000579833984,4.3,2.32579,2.03412,1.8585,NA,6.46,0,0
Mexico,MEX,68.65,79.72,70.09,56.13,92.05,93.23,86.21,47.41,83.96,52.05,59.67,84.67,75.17,62.43,44.62,42.31,4.5,50.135,15.4,15.152,33.6942,97.7528,94.4205,88.4297,7.07951,99.1729,4.70649,10.6816,18.64,0.539491,4,18.1292,94.5559,98.9727,95.2634,1.07414,0.99543,84.4848,44.39,0.60784,19.6667,21.8923,291.947,57.876,1.22931,27.994,91.48,375.733,13.6189,28,0.771639,3.83296,0.432158,4.2747,27.7,17,82.1,31,47.989200592041016,6.7,1.5765,1.67352,2.37736,0.7,10.77,16,20
Macedonia,MKD,66.8,85.23,68.34,46.83,95.2,94.51,83.02,68.18,88.02,66.48,55.66,63.19,68.81,56.65,34.86,27.01,4.4,7.899,11.5,9.696,10.953,96.7758,92.4244,90.9002,1.62,99.9998,4.80298,42.1636,1.06,0.725536,4,8.44421,NA,94.6968,81.8912,0.98339,2.52529,107.073,68.06,0.21568,71.7778,18.4687,545.333,61.276,2.77443,72.6378,52.07,536.071,7.81247,22,0.582915,3.18559,0.641896,4.09817,27.2,7,28.4,42,9.20479965209961,7.1,1.74945,1.28801,2.02827,NA,12.74,0,0
Mali,MLI,44.69,55.27,43.53,35.28,61.57,56.25,42.21,61.04,39.65,45.09,44.5,44.87,72.65,21.3,44.12,3.05,5.8,397.022,118.3,28.76,486.585,72.6432,40.0664,30.4816,13.6961,31.8254,3.17834,135.415,12.11,0.768105,3,16.8041,33.1919,60.6369,41.6528,0.79257,1.22923,138.571,7,0.15686,50.6667,17.8135,476.881,41.085,1.86431,82.162,0,987.449,7.39255,17,0.80072,2.92317,0.696458,4.50938,86.3,53,33.4,35,4.211599826812744,7.9,1.99139,1.88819,3.45088,0.06,1.56,0,0
Myanmar,MMR,49.65,59.22,49.91,39.83,71.43,60.12,47.65,57.66,72.9,36.21,37.75,52.78,49.21,55.96,38.41,15.73,14.4,307.56,54.8,35.641,159.767,66.6972,22.597,65.0066,6.85814,52,2.72499,121.111,2.36,0.527495,3,30.6344,77.35,97.3227,55.1569,1.02576,0.947472,55.9072,11.52,0.07843,63.3333,17.8544,572.787,43.624,0.571436,84.0812,0,451.078,6.1107,11,0.514691,2.24652,0.5011,2.80217,58.1,7,73.8,22,20.650699615478516,9.9,2.09307,2.55976,1.46785,0.34,7.74,0,0
Montenegro,MNE,71.42,84.19,79.08,51,95.62,94.27,78.93,67.94,95.02,78.33,65.71,77.26,79.94,60.91,35.37,27.76,2.5,7.224,4.6,13.8,9.3,96.7292,84.6524,95.6191,0.16716,99.9923,3.98927,40.2722,1.6,0.808718,4,9.8112,98.4422,95.8013,92.7051,0.99904,3.53615,161.437,61,0.58823,89.4,20.8294,458.389,67.041,3.17283,52.4526,81.67,394.335,12.2371,27,0.691212,3.76447,0.793914,4.29927,11.9,NA,35.6,44,15.631999969482422,7.6,1.49431,1.6821,1.98739,NA,13.05,0,0
Mongolia,MNG,64.18,68.82,63.61,60.11,86.13,58.63,61.17,69.34,92.23,68.94,41,52.28,89.5,64.19,56.28,30.46,18.3,59.618,19.8,17.782,39.3577,82.261,26.8256,58.9189,31.4028,80.6087,3.70556,123.392,7.27,0.853018,2,21.6236,98.257,98.3083,91.3918,1.02135,2.78682,103.535,19.9424,0.68627,81.75,17.1591,941.671,55.551,2.59323,88.9831,63,1319.05,13.1723,36,0.890423,3.83076,0.755869,4.77744,45.5,4,71.4,39,8.670999526977539,4,2.44141,2.53811,2.95051,0.96,12.06,0,0
Mozambique,MOZ,43.37,44.41,49.56,36.15,54.35,32.53,36.93,53.82,56.91,37.97,39.18,64.17,65.69,28.49,45.89,4.54,27.3,303.152,79.9,41.174,741.28,45.5356,30.8702,22.7611,48.709,21.8645,2.85796,140.123,3.39,0.564672,4,23.7973,50.5838,89.5663,32.8823,0.91853,0.900073,67.92,9.23631,0.33333,38,17.1848,458.458,42.806,0.612806,51.6459,45.65,1000.16,16.6318,22,0.830311,3.57726,0.627422,2.0055,82.6,45,47.9,31,26.952899932861328,5.6,1.70442,1.67743,2.77623,0.02,2.99,0,0
Mauritania,MRT,41.84,53.51,43.29,28.71,66.08,46.71,48.46,52.8,48.04,39.05,45.92,40.14,42.28,41.26,24.01,7.3,6.3,526.022,86.7,27.15,263.993,68.6734,50.2567,43.1604,61.6237,38.8,3.06029,97.3354,10.92,0.542055,4,12.4738,NA,72.8396,30.3445,0.9292,0.219909,92.3574,10.7,0.07843,39.25,19.0261,370.775,46.894,0.591491,97.6883,0,823.263,0.628828,9,0.758805,0.321197,0.313159,3.37362,41.2,28,30.9,31,6.26140022277832,7.2,1.61084,0.651263,0.801283,0.07,4.44,0,0
Mauritius,MUS,73.79,90.39,75.44,55.54,92.66,98.25,91.36,79.29,91.81,70.07,63.25,76.65,88.77,66.23,50.05,17.11,5.4,60.507,14.7,10.834,37.5319,99.8654,99.8571,93.151,0.2209,98.7012,5.5345,3.64796,2.71,0.916264,2,12.3028,92.4748,98.9239,97.3697,1.04367,2.86903,131.401,44.8033,0.52941,78,19.9988,493.709,61.763,3.60362,35.9187,73.12,259.026,5.57895,38,0.880705,3.30034,0.860851,4.63269,16.9,10,51,53,32.9640007019043,3.8,1.98522,2.10892,1.82989,0.17,10.36,0,0
Malawi,MWI,47.9,52.62,48.43,42.65,57.92,54.15,30.65,67.75,64.69,29.32,38.96,60.76,72.41,48.78,42.16,7.23,21.7,323.004,63.3,42.651,700.9,66.1572,21.5224,42.9305,8.11842,11.9,2.67397,158.537,1.78,0.782204,3,21.9492,65.1454,98.0068,38.7623,0.91753,0.873698,32.9988,5.83,0.23529,51.25,16.5077,555.061,44.615,1.20741,69.2704,0,570.439,16.6794,27,0.839675,3.89502,0.777206,1.98052,60.8,26,73.6,31,2.3773000240325928,5.1,1.83244,1.9438,2.13872,0.01,4.98,0,0
Malaysia,MYS,71.21,87.81,74.28,51.53,91.63,96.87,93.19,69.55,88.88,66.41,63,78.83,58.2,66.6,39.55,41.78,3,58.101,8.1,16.552,117.272,96.5223,93.6615,99.5671,1.12367,99.9851,5.77933,2.48611,1.92,0.707194,2,27.6674,93.1179,99.5364,84.9732,1.08662,3.07574,148.632,63.6654,0.52941,48,19.5653,404.209,60.549,3.3315,58.5665,82.3,433.754,17,18,0.498078,1.98593,0.593809,4.07232,22,6,52.6,50,20.972299575805664,6.7,1.72217,2.22675,1.36166,0.6,11.93,13,20
Niger,NER,36.87,41.18,32.77,36.66,54.02,19.8,23.82,67.06,28.95,30.15,43.34,28.62,80.29,18.36,45.42,2.56,10.3,472.746,99.2,49.203,587.632,45.2749,30.7797,12.4172,85.3726,15.0305,NA,188.109,4.47,0.811718,3,16.305,15.4567,62.6857,20.5618,0.70438,1.25257,43.0139,1.95,0.23529,48,17.1312,427.807,39.994,1.69193,141.641,0,1680.72,17,24,0.885837,3.64847,0.888592,3.5545,91.4,61,42.2,34,7.04010009765625,7.7,2.2012,2.62368,2.36238,0.04,1.41,0,0
Nigeria,NGA,48.12,47.49,55.11,41.77,58.03,41.82,43.67,46.42,52.71,48.59,53.18,65.95,78.22,41.29,32.1,15.48,6.7,290.769,111.6,49.545,557.435,66.0559,10.9258,32.801,35.2515,56.3719,1.37789,106.194,10.66,0.574993,5,14.7599,51.0777,65.9488,56.1799,0.90992,1.10329,78.7487,21,0.33333,56.6667,20.1473,266.939,45.245,1.41016,77.6649,30.76,337.237,13.354,23,0.853519,3.60434,0.694057,4.19405,32.6,29,30.9,26,3.3206000328063965,9.4,1.62207,1.69807,2.23137,NA,6.77,1,0
Nicaragua,NIC,62.47,74.36,66.61,46.44,85.78,76.18,73.6,61.88,76.33,52.15,69.73,68.23,68.57,53.54,43.85,19.8,17.9,67.893,21,18.741,32.9631,82.1213,69.4013,75.2883,16.1697,81.8531,3.95135,37.7689,11.49,0.765062,3,15.3964,NA,98.4103,74.1885,1.12813,1.24461,117.524,17.6,0.09803,72.7778,23.3906,245.127,62.174,2.33372,28.7037,0,549.373,16.0813,19,0.612136,3.52181,0.598686,3.99882,43.8,30,89.5,27,42.65549850463867,6.7,2.2078700000000002,1.31463,1.95117,0.5,9.04,0,0
Netherlands,NLD,89.1,96.13,91.33,79.86,98.71,99.47,98.09,88.24,96.07,98.05,83.57,87.63,96.89,89.27,76.78,56.49,2.5,6.272,4,1.147,26.0451,100,100,97.741,0,100,6.64756,0.307172,0.74,0.972807,2,4.34939,NA,96.7525,133.542,1.01534,3.42926,115.824,91.6667,1,100,23.9763,256.965,80.25,3.77401,22.9928,99.9,245.721,11.3254,40,0.948323,3.88974,0.959748,4.84224,13.1,0,86.3,84,87.40599822998047,4.4,3.13251,3.24822,2.9113,0.98,14.69,26,30
Norway,NOR,89.55,96.05,91.94,80.65,98.93,99.54,98.13,87.6,98.37,90.77,85.22,93.39,98.22,91.56,79.95,52.88,2.5,5.211,2.8,1.139,22.5179,100,100,98.0594,0,100,6.66113,0.545391,0.9,0.968515,2,4.49571,NA,99.8601,112.986,0.96917,3.88024,111.627,96.3,0.68627,96.3333,24.3939,229.476,80.742,3.79497,15.6304,96.11,150.63,16.2635,40,0.981388,3.9171,0.979127,4.87633,5.3,0,84.3,88,82.53389739990234,3.8,3.60607,2.98435,3.18915,0.97,15.42,8,30
Nepal,NPL,52.68,63.22,51.65,43.17,72.21,59.98,48.49,72.18,69.27,47.45,42.36,47.54,70.72,39.4,55.91,6.65,8.5,312.793,38,45.232,196.849,87.2398,47.5721,44.3869,37.6955,84.9,1.94211,159.929,2.29,0.737075,2,21.6247,59.6273,96.7734,67.1409,1.07267,0.954584,81.2807,15.44,0.29411,58.25,18.2352,534.88,46.726,1.00579,122.052,0,614.751,12.7808,25,0.799735,3.37512,0.764747,2.59628,76.1,29,59.7,27,76.02269744873047,9.5,2.46087,2.53246,2.64262,0.11,3.6,0,0
New Zealand,NZL,87.83,94.72,89.06,79.7,97.95,100,95.34,85.6,95.66,90.62,82.03,87.93,97.01,87.41,71.01,63.38,2.5,14.528,5.7,3.368,12.4818,100,100,100,0,100,6.13207,0.342031,1.03,0.974836,2,8.42329,NA,98.2294,114.746,1.05923,3.60268,111.678,85.5,0.78431,96.6,24.554,242.891,75.917,3.49355,8.23248,96.16,512.716,15.3118,40,0.960286,3.85185,0.961831,4.8514,11.2,8,84.7,91,75.18150329589844,3.8,2.80989,2.77973,2.88588,1.19,15.04,15,50
Oman,OMN,67.72,85.6,75.3,42.27,94.02,93.16,94.81,60.41,92.39,80.79,67.79,60.25,51.16,64.42,31.68,21.81,5.3,9.502,11,11.414,43.409,90.0142,86.9203,99.2752,0.05061,100,6.13514,4.72356,1.06,0.743777,2,54.1877,91.9812,99.6998,103.313,0.98074,2.57988,156.382,70.22,0.70588,NA,20.8108,396.709,71.472,2.9227,71.9933,68.37,661.254,2.5717,8,0.17858,2.3615,0.822881,3.44975,10,4,35.4,45,NA,3.1,0.774108,1.08352,1.06144,NA,8.19,1,10
Pakistan,PAK,46.61,57.02,46.03,36.8,61.44,64.58,55.27,46.78,50.41,46.14,34.66,52.89,56.14,49.64,24.73,16.69,20.8,360.663,83.3,48.111,172.188,88.5958,33.0407,56.5463,21.5228,96.0159,2.06567,137.727,7.81,0.453886,4,25.7644,56.9771,79.9663,44.3866,0.79276,0.403789,73.1688,12,0.33333,60.8333,17.6198,664.514,39.556,0.819026,127.522,26.03,408.155,10.6911,20,0.674615,1.85038,0.31261100000000003,4.01987,59.9,11,49.3,30,2.7256999015808105,9.7,2.2006,0.521172,1.40168,0.19,4.26,6,0
Panama,PAN,71.91,80.71,75.81,59.23,88.31,87.77,84.35,62.39,81.07,63.39,70.69,88.07,91.55,59.88,55.43,30.06,9.9,74.312,17.4,18.867,53.1024,94.5691,91.8209,76.0289,9.88827,91.6924,4.82659,12.7155,17.42,0.92027,3,16.3658,94.0941,89.7076,75.8021,1.05334,2.10848,158.946,44.92,0.49019,56.5,23.9661,248.236,60.024,2.53792,18.2409,78.12,247.584,15.9453,35,0.906524,3.81448,0.850126,4.86568,28.9,22,73.8,39,39.86690139770508,5.3,2.43764,2.01995,2.81347,0.89,12.46,0,0
Peru,PER,68.75,76.74,76.22,53.3,85.91,80.05,81.54,59.44,86.09,65.33,68.08,85.37,78.54,55.56,46.68,32.42,8.3,103.788,16.6,25.894,91.0821,89.3195,82.3354,75.9764,22.9304,92.92,4.73938,34.3677,6.59,0.834294,4,16.4875,93.7079,98.0664,95.7445,1.00057,0.95879,102.927,40.2,0.70588,49,24.1169,215.597,62.253,1.48325,38.6878,88.49,258.352,15.3138,30,0.898202,3.86853,0.588189,3.5915,47.6,16,64.9,36,34.537601470947266,7.6,2.13377,2.6466,1.68716,0.74,11.57,3,0
Philippines,PHL,62.68,67.67,66.16,54.22,77.89,75.29,63.66,53.86,81.94,72.15,40.48,70.08,82.72,59.92,41.09,33.13,14.4,93.935,28.8,37.081,223.412,90.1926,43.6543,74.4125,8.75169,88.6457,4.02861,136.438,9.38,0.568414,4,13.0344,96.398,97.8264,88.3348,1.08592,0.950838,111.212,49.6,0.56862,78.125,17.6462,576.596,46.657,1.04228,93.7603,60.34,278.594,15.1638,27,0.85607,3.61664,0.742551,4.57265,37.6,5,54,35,56.912601470947266,8.1,2.42577,1.41367,0.979343,0.7,11.82,4,0
Papua New Guinea,PNG,35.83,34.94,31.55,41,57.13,35.41,3.11,44.12,48.83,23.7,11.01,42.65,73.55,47.88,33.28,9.3,NA,473.565,57.9,51.033,280.5,36.5854,20.286,18.5957,14.2661,21.4462,NA,301.024,10.42,0.637717,4,36.7686,NA,85.4031,39.7799,0.75109,0.290869,43.3083,6.5,0,40.3333,13.7333,1266.1,34.635,0.641999,86.8529,0,865.994,2.41732,23,0.773897,3.71688,0.530197,4.08803,49.2,16,47.9,25,NA,6.5,0.78291,1.49778,2.52664,0.05,6.04,0,0
Poland,POL,81.69,92.69,81.43,70.95,96.95,97.96,91.06,84.79,96.01,78.78,68.96,81.99,95.47,76.77,60.86,50.71,2.5,5.688,5,7.915,20.6005,97.8896,97.1482,97.3777,0,100,5.49516,7.40593,0.77,0.960669,2,11.308,NA,95.1473,106.61,0.96806,3.7584,148.605,66.6,0.49019,94.75,21.7717,439.173,68.417,3.32292,52.1838,92.35,414.754,17,38,0.974212,3.8466,0.914687,4.84386,17.3,2,67.1,63,26.823200225830078,4.9,2.5887,3.07634,2.79176,0.77,14.78,12,30
Portugal,PRT,84.66,94.38,86.42,73.18,98.42,99.78,94.98,84.33,94.65,80.08,79.26,91.68,96.16,79.4,70.38,46.78,2.5,11.395,3.6,1.541,34.0353,99.9031,99.9031,99.3154,0,100,6.10248,1.96853,1.38,0.981396,2,9.54937,94.4771,98.2718,118.232,0.96948,3.31657,113.604,64.59,0.64705,87.6667,23.9272,259.981,74.296,3.3387,17.8729,93.82,233.564,17,39,0.962935,3.96316,0.901826,4.87411,13.6,5,78.8,64,51.574798583984375,2.7,2.41118,2.86039,3.60991,0.39,11.54,13,50
Paraguay,PRY,63.69,78.78,63.31,48.98,88.88,93.64,74.24,58.36,75.81,57.54,51.31,68.59,77.67,61.33,37.82,19.11,12.3,109.867,21.2,8.754,54.0376,97.4069,87.005,89.9939,0.49678,99.0007,3.34745,48.051,9.34,0.822696,3,28.265,94.6167,90.6581,76.5744,1.06562,0.603384,111.487,43,0.2549,57,20.4068,396.251,53.732,0.82403,39.9411,46.8,792.454,14.4752,27,0.777018,3.85431,0.571913,4.27313,39.3,13,84.6,27,37.35279846191406,6,1.66226,1.44297,1.16834,0.33,10.21,0,0
Qatar,QAT,70.24,88.46,78.77,43.5,95.23,98.46,96.8,63.36,85.95,72.57,81.18,75.39,43.7,74.09,22.56,33.64,NA,27.269,8.6,7.978,13.99,100,93.2,99.9352,NA,100,6.39846,0.015565,6.92,0.785184,2,32.4822,97.7467,96.9747,91.1725,1.26394,3.72416,139.227,91.49,0.60784,39.8,23.5135,242.947,74.673,3.82559,53.1005,96.13,306.703,4.06668,9,0.182906,1.43041,0.616678,3.63072,0.2,18,63.1,71,NA,4.6,1.12547,0.675576,0.331676,0.5,10.82,1,30
Romania,ROU,74.05,85.03,76,61.11,94.38,87.23,83.67,74.85,89.56,73.02,61.43,80.01,89.04,70.39,47,38,2.5,27.483,9.5,13.44,29.8548,100,62.07,81.7699,0,100,4.51719,24.8556,1.7,0.910408,3,12.228,98.6043,93.5501,90.9264,0.99395,2.41844,114.756,54.08,0.47058,86,19.9682,523.33,63.085,3.23659,60.7444,83.95,323.309,16.1633,34,0.910133,3.5009,0.853843,4.73276,27.8,3,71.2,46,20.967100143432617,7,2.01503,2.03681,2.90991,0.44,13.8,4,20
Russia,RUS,68.94,80.53,71.9,54.38,95.09,94.01,88,45.03,93.85,70.9,52.62,70.24,56,68.26,31.83,61.43,2.5,21.094,8.3,11.002,43.2598,96.2987,91.526,88.4556,0,100,4.80062,2.36499,12.88,0.368443,4,20.1081,99.6843,99.5513,104.397,0.97948,2.56576,153.748,70.52,0.68627,45,19.0265,695,60.24,2.76561,72.2854,96.53,621.225,9.45113,7,0.393257,2.91241,0.411268,4.76865,6,8,71.8,29,12.509300231933594,9,1.42048,1.26467,2.49999,1.93,14.67,28,0
Rwanda,RWA,52.26,56.11,57.71,42.97,61.15,60.41,43.46,59.43,71.89,49.18,52.22,57.54,68.36,59.44,35.46,8.64,35.6,314.428,43.4,41.918,367.881,56.0699,39.9843,61.3388,2.4513,19.8,4.03215,132.916,4.51,0.628082,3,24.9948,68.331,95.6806,37.3513,1.08534,3.0153,68.2836,10.6,0.5098,62.6667,18.0868,391.395,47.969,2.46418,73.1551,0,396.92,8.73339,8,0.507906,3.6779,0.762559,4.5343,79.5,4,65.7,54,7.322500228881836,9.1,2.78036,1.70806,1.05868,0.06,5.48,0,0
Saudi Arabia,SAU,64.15,85.57,71.54,35.35,94.15,99.51,95.47,53.14,85.89,69.72,66.68,63.87,22.05,69.22,13.89,36.23,5.1,12.097,13.8,8.519,62.5188,99.9929,97.8308,100,NA,100,6.2348,3.68189,0.92,0.351348,3,39.8607,94.4263,99.6547,116.647,0.77303,2.75978,171.347,64.7137,0.56862,55.9375,19.7028,328.454,66.701,3.16004,103.051,87.79,371.574,4.38589,3,0.168287,0.2524,0.305015,2.19334,3,4,40.7,52,NA,7.5,0.182576,0.971351,0.570034,0.46,9.61,12,20
Sudan,SDN,37.36,47.42,42.58,22.09,64.72,44.33,47.07,33.57,47.49,44.04,38.74,40.04,24.81,38.25,15.28,10.02,25.8,365.478,69,36.36,153.898,57.5123,42.7376,33.3192,40.8027,44.9,NA,124.397,6.8,0.208262,4,45.7825,53.5174,56.4043,45.8303,0.98715,0.338668,73.657,24.64,0.2745,46.6667,18.6926,532.35,42.795,0.3153,109.06,0,760.457,1.98592,2,0.214456,1.66343,0.185261,1.6155,39.9,24,31,12,6.750899791717529,9.8,1.02785,0.839992,0.51591,0.14,5.67,0,0
Senegal,SEN,54.76,63.24,54.4,46.64,69.92,63.95,49.84,69.26,59.78,53.49,43.74,60.58,86.94,43.22,50.6,5.81,12.1,405.98,52.3,25.368,364.037,74.2995,69.2876,47.6771,26.2868,61,3.11965,141.932,8.48,0.863028,2,20.5347,42.8175,74.5175,50.1994,0.97901,2.26127,98.8562,17.7,0.35294,56.5385,16.9096,523.733,42.059,2.22286,88.0222,42.69,801.832,17,33,0.95043,3.59739,0.79856,4.32485,69.3,25,43.1,44,0.9866999983787537,6.6,2.50425,2.36564,3.14834,0.1,3.11,0,0
Singapore,SGP,84.08,96.33,89.42,66.49,97.42,100,98.63,89.28,97.72,89.46,86.11,84.4,68.23,88.08,53.74,55.88,NA,8.047,2.7,3.217,49.1917,100,100,100,NA,100,6.74276,0.042895,0.31,0.935838,2,3.94269,96.7167,NA,NA,NA,3.61118,148.739,79.0292,0.90196,NA,25.6388,227.773,78.246,3.71859,25.8839,100,129.563,4.51437,19,0.348804,3.31707,0.77925,4.52027,8.4,0,76.5,85,23.96809959411621,2.8,2.1177,2.67543,1.67324,1.73,13.83,4,20
Solomon Islands,SLB,47.2,53.52,43.69,44.4,79.16,45.31,21.93,67.69,69.47,33.83,13.99,57.48,75.74,44.96,41.7,15.18,13.2,216.816,26.8,26.385,183.403,65.4331,48.4352,30.6269,50.2717,42.6044,NA,244.281,3.77,0.892026,NA,23.4638,NA,99.9155,48.2869,0.94859,1.01937,65.455,9,0.07843,47.4286,14.0969,1240.11,36.966,0.83872,38.3145,0,495.811,1.70942,25,0.813493,3.08416,0.710625,4.16021,67,NA,44.8,NA,NA,6.5,1.03549,2.11702,3.25335,NA,7.85,0,0
Sierra Leone,SLE,42.15,42.91,43.89,39.67,38.1,39.69,20.45,73.4,55.25,35.7,34.54,50.05,75.65,30.57,47.52,4.92,24.6,642.578,124.9,43.223,998.65,56.7501,27.1577,14.2281,27.8285,16.0332,1.88007,216.003,1.87,0.754932,2,21.4312,32.4262,95.5192,38.2382,0.86251,1.22353,67.1944,6.0573,0.09803,53.5556,15.1895,558.645,40.244,1.11874,90.2442,0,678.572,9.43977,28,0.838385,3.87268,0.536568,3.61664,88.2,31,36.9,29,12.097299575805664,5.9,2.28362,2.04297,2.51672,0.09,2.58,0,0
El Salvador,SLV,64.94,75.14,71.91,47.76,88.37,90.32,84.83,37.04,77.83,73.15,60.79,75.86,73.84,62.03,39.14,16.03,12.4,41.771,16.1,18.787,54.5489,92.4837,86.659,90.494,5.94512,95.1254,4.90595,20.4838,41.27,0.744503,5,27.1869,87.3687,91.4288,75.6781,1.00771,0.996541,146.363,24.7617,0.60784,100,22.3932,269.945,60.476,0.932322,39.1816,50.5,261.449,10.7862,33,0.827701,3.86188,0.265373,3.96237,39,17,81.6,39,35.71849822998047,6.2,1.36668,1.10807,2.413,0.21,9.21,0,0
Serbia,SRB,71.49,85.51,73.4,55.56,95.43,93.57,82.89,70.15,93.19,74.53,59.35,66.53,79.39,58.36,42.7,41.79,5.9,16.378,6.6,8.389,12.6159,89.9819,93.5818,94.8322,0.15,99.6608,4.61107,34.2602,1.57,0.927534,4,10.373,98.4899,99.2062,96.6696,1.0144,2.57402,132.219,62.0751,0.41176,89.75,19.8504,496.351,63.659,2.59431,50.7316,60.49,628.845,7.0592,30,0.640793,3.61767,0.729036,4.5571,26.3,5,32.8,40,19.62030029296875,7.8,1.75039,2.67873,1.93468,0.54,13,2,40
Sao Tome and Principe,STP,59.78,65.76,59.89,53.69,79.54,57.69,52.31,73.51,80.02,35.79,51.68,72.07,88.81,57.47,56.95,11.55,14.2,116.44,36.8,26.671,198.339,78.8877,89.4904,38.803,63.7768,68.6,NA,138.88,3.44,0.955846,NA,16.0318,90.1431,91.3782,82.0282,1.10669,2.08964,67.1839,24.41,0.0196,44.7667,18.2742,428.868,52.476,2.06524,50.7649,26.32,375.073,17,34,0.889386,3.77937,0.819173,4.60681,35.5,NA,51.9,42,NA,4.5,2.53214,2.11559,2.51652,NA,6.35,0,0
Suriname,SUR,66.49,77.03,62.94,59.48,90.59,80.76,74.79,61.99,72.97,60.29,54.99,63.53,90.17,69.4,57.64,20.72,8.3,64.198,21.3,9.123,85.3518,94.6853,67.1139,79.2305,18.0684,88.3135,3.44606,22.2975,9.54,0.87823,NA,22.7967,92.8687,93.4828,78.5296,1.31708,2.08352,169.329,40.08,0.13725,80,19.276,472.734,52.506,2.67803,39.9526,7.53,418.219,7.22141,34,0.886829,3.82929,0.884716,4.58219,11.3,NA,71.4,36,36.142799377441406,5.8,2.41939,2.64731,2.88198,NA,10.14,0,0
Slovakia,SVK,79.83,93.32,81.35,64.83,96.38,98.63,95.13,83.14,90.43,85.7,66.02,83.25,92.29,76.84,54.23,35.97,3.7,8.571,6.2,7.494,26.2656,97.9289,98.4728,98.9221,0,100,6.1767,3.93283,1.44,0.924227,2,9.31371,NA,NA,90.9674,1.0107,2.39151,117.399,79.98,0.62745,96.8333,20.8071,447.012,66.777,3.21504,55.7642,89.95,279.061,17,36,0.93832,3.71761,0.867445,4.83337,12.1,1,74,51,29.14620018005371,6.5,2.3467,2.49151,2.96255,0.63,13.98,2,10
Slovenia,SVN,84.6,94.75,85.76,73.29,97.44,99.38,94.62,87.57,99.27,76.55,79.16,88.08,93.96,80.05,66.57,52.58,2.5,5.101,2.5,7.497,15.8595,99.5234,98.9666,99.1073,0,100,6.09591,4.55592,0.58,0.968103,2,6.86149,NA,99.2896,109.77,1.00287,3.90483,112.34,71.59,0.39215,90.7,23.5495,280.137,76.429,3.38666,24.4369,88.5,322.405,17,39,0.947209,3.38571,0.977515,4.79235,13,1,77.7,60,45.574100494384766,4.2,2.60562,2.79294,3.40474,0.79,14.19,2,60
Sweden,SWE,88.63,95.98,88.66,81.24,98.98,99.84,97.21,87.88,91.25,84.99,85.77,92.65,96.95,89.92,79.23,58.88,2.5,3.835,2.9,1.253,17.8745,100,100,99.3053,0,100,6.49728,0.900051,0.9,0.973062,2,4.06585,NA,99.9934,140.437,1.14034,3.02298,127.073,92.52,0.60784,85,24.359,211.631,81.585,3.76282,8.19009,98.49,126.635,12.0257,40,0.965553,3.77548,0.980047,4.82455,6.7,1,79.8,89,78.38749694824219,1.7,3.46723,2.83538,2.72436,0.94,15.12,23,40
Swaziland,SWZ,48.55,56.74,50.51,38.42,59.71,63.64,58.11,45.48,70.57,34.18,33.29,63.99,32.03,71.67,34.62,15.36,21.5,128.902,74.1,33.205,946.085,66.5556,56.3027,57.4289,14.7499,65,3.9749,121.833,8.16,0.488907,3,43.5348,83.0983,76.2815,67.0429,0.99369,1.39365,70.7901,26.175,0.15686,21.8,15.2141,773.881,44.326,1.64736,85.4904,64.23,314.685,4.03811,1,0.413107,1.98889,0.396093,1.17306,19.1,7,79.5,43,17.979700088500977,3.4,1.50101,1.46067,0.339242,0.08,10,0,0
Chad,TCD,26.92,28.06,30.91,21.8,40.09,16.1,19.74,36.33,27.51,23.02,34.69,38.41,50.92,16.57,17.39,2.32,36.9,602.906,134.5,39.608,641.746,42.2653,18.7692,9.54398,82.5571,7.94391,1.72844,195.929,9.68,0.183189,5,20.7406,26.2192,78.9185,22.5222,0.45101,0.868197,38.7014,2.9,0.07843,38.5714,16.8532,464.621,32.992,0.613144,118.451,0,1140.29,11.5753,4,0.498265,2.60156,0.298163,4.31888,91,45,17.9,22,2.0181000232696533,8.5,1.20801,0.78316,0.44166,NA,1.63,0,0
Togo,TGO,46.49,45.24,50.61,43.62,62.69,27.98,34.91,55.38,74.42,33.91,42.44,51.65,72.06,42.32,52.34,7.77,15.7,377.198,80.4,28.058,543.125,61.6585,25.3511,13.7297,74.682,45.7,NA,185.645,9.77,0.557395,3,22.4378,62.9117,96.5707,55.071,NA,3.03303,62.4729,5.7,0.09803,51.8,16.4118,543.474,41.806,2.25234,101.73,0,754.064,16.7392,18,0.810247,3.8506,0.454495,4.23317,66.6,16,33.4,32,6.246600151062012,4.8,2.39112,2.20275,2.98329,0.13,4.19,0,0
Thailand,THA,66.72,79.62,74.33,46.21,90.56,90.04,87.61,50.27,87.33,61.05,68.23,80.7,46.87,63.93,39.15,34.87,8.5,34.918,13,15.226,87.9384,98.0257,64.6762,95.0107,0.5155,99.9817,5.22003,23.2342,4.29,0.222483,3,27.697,93.2852,94.6944,120.632,0.96055,1.85933,141.918,34.89,0.54901,51.4286,23.1674,303.765,65.348,2.11164,36.0871,77.05,363.413,13.1631,7,0.136486,3.27052,0.251764,4.1691,52.1,11,90.2,38,37.104400634765625,9,2.46719,1.73166,1.17155,0.54,10.09,11,10
Tajikistan,TJK,52.15,72.66,55.37,28.42,74.97,80.36,69.33,65.99,81.14,36.78,46.25,57.31,26.18,51.81,15.31,20.38,32,42.037,46,30.681,87.8198,74.1177,60.2904,95.494,0.09028,99.9784,3.1527,81.2312,1.44,0.36752,3,8.80827,NA,95.6602,87.4407,0.89897,1.00653,95.6516,17.49,0.11764,18.3333,19.2049,563.003,51.153,1.28481,124.556,58.85,505.097,10.8773,2,0.195184,1.06895,0.252608,2.36955,47,13,54.8,26,1.1198999881744385,7.6,0.990254,0.457673,0.368814,0.26,11.78,0,0
Timor-Leste,TLS,53.57,57.88,57.74,45.08,62.75,52.79,51.59,64.38,63.66,52.51,46.8,67.99,77.47,48.01,41.9,12.93,27.4,311.994,53.5,54.514,142.06,68.8,41.2416,43.1384,32.6261,57.7782,3.04513,117.119,3.69,0.884486,4,13.7686,58.309,85.7814,67.9509,1.07049,0.631876,113.434,17.5,0.29411,57.0833,20.0458,391.035,42.097,0.933819,49.2576,37.28,NA,12.6133,29,0.832665,3.72362,0.592654,3.87226,66.4,8,45,28,NA,6.7,1.82295,1.52802,2.61554,NA,6.92,0,0
Tunisia,TUN,71.74,84.29,74.62,56.3,93.75,92.17,88.29,62.97,85.61,73.19,64.75,74.95,85.73,70.77,48.56,20.16,4.5,35.25,14.6,10.114,34.3958,93.9113,86.3709,92.5038,2.69582,99.8,4.83527,1.07757,3.05,0.723831,3,25.2839,79.0364,99.6811,88.1956,1.04599,2.4649,128.174,46.16,0.64705,78.125,21.7458,330.45,63.292,2.20332,52.9275,88.17,313.309,5.44122,37,0.803521,2.96738,0.93081,4.47561,21.2,2,73.8,38,4.19350004196167,7.9,2.34336,2.62012,3.02453,0.52,9.1,0,0
Turkey,TUR,67.26,83.74,73.2,44.85,94.73,97.95,86.25,56.04,87.39,60.25,70.44,74.72,57.25,63.15,27.07,31.92,2.5,14.277,14.5,11.725,15.4825,98.7345,98.7345,95.9447,1.23744,100,4.48539,2.9398,4.3,0.452259,4,11.3582,95.4396,94.9729,103.05,0.97383,1.57216,93.3245,51.04,0.49019,46,23.2054,314.692,63.765,2.81795,41.6569,92.21,277.934,0.230238,24,0.38825,2.48177,0.506188,3.60986,28.5,10,60.7,42,19.676000595092773,9.5,0.481733,2.65434,1.03936,0.36,8.76,16,10
Tanzania,TZA,49.9,48.38,55.33,46,55.46,43.85,33.26,60.97,63.71,42.32,46.56,68.72,70.24,41.94,55.67,16.14,31.4,436.89,60.9,41.697,525.228,48.9048,34.9364,22.3044,15.3909,18.9102,2.60625,151.657,7.36,0.731459,3,20.9747,77.9584,79.0448,31.6738,0.91533,2.28136,60.9988,7,0.39215,57.6667,16.9697,472.738,45.162,2.29575,62.6743,54.03,705.361,16.9025,27,0.736091,3.44656,0.647223,2.99293,80.3,20,53.3,30,5.406899929046631,5.4,2.74226,2.47295,3.14786,0.03,7.06,1,10
Ukraine,UKR,67.57,81.03,65.98,55.72,93.3,90.74,86.16,53.91,91.78,63.64,53.36,55.12,72.08,65.35,35.76,49.67,2.5,27.873,9.8,17.416,31.0167,97.6164,66.8737,95.9277,0.00385,100,4.62285,9.55129,4.36,0.412244,4,14.1877,99.9743,92.7681,96.786,0.97825,2.9277,144.279,46.236,0.43137,61.4286,18.962,645.853,60.309,2.68472,83.9198,78.76,1005.51,4.38888,25,0.615747,2.83348,0.65937,4.70643,14.7,7,68.1,27,7.995200157165527,6.9,2.4036,0.356214,2.4047,1.5,14.69,6,0
Uruguay,URY,80.12,86.34,79.66,74.36,95.23,98.2,93.25,58.67,89.34,87.98,68.3,73.02,96.22,79.99,70.26,50.99,2.5,22.582,9.5,9.977,39.9866,99.0889,99.3549,95.5612,0.98169,99.6571,5.81323,2.65343,7.63,0.876137,4,18.492,98.4359,97.7591,111.648,1.13702,2.74448,160.755,61.46,0.98039,90.625,21.9048,388.614,61.99,3.41318,25.9655,58.85,552.684,8.31798,40,0.965372,3.81527,0.958488,4.71485,22.7,11,89.3,74,81.62830352783203,2.7,2.02003,2.46773,3.54732,0.28,12.08,2,90
United States,USA,86.4,92.72,85.05,81.43,97.73,99.4,97.02,76.73,93.61,89.4,73.31,83.9,95.45,86.17,67.35,76.73,2.5,26.547,6.8,1.986,24.7859,99.1952,98.6926,99.9694,0,100,6.44442,0.182074,4.52,0.920219,2,13.1992,NA,97.1951,97.1848,1.0104,2.80828,111.891,73,0.92156,91,23.3808,307.967,72.745,2.57226,18.6314,92.57,390.422,10.0717,36,0.972994,3.90581,0.956073,4.78682,6.3,3,82.5,76,73.53459930419922,5.1,2.95473,2.57808,2.71054,1.86,15.06,336,20
Uzbekistan,UZB,56.36,80.35,51.58,37.14,89.24,90.57,84.18,57.42,92.48,41.9,46.56,25.39,23.6,65.39,32.01,27.57,6.7,28.382,27.6,18.244,55.48,91.4586,72.1115,100,0,100,NA,35.3491,3.22,0.267677,3,16.5645,99.9806,99.2413,91.5789,0.98827,2.59577,70.9491,35.5,0.47058,14.8333,17.6881,703.555,56.074,2.3069,111.658,0,1646.34,3.36816,0,0.101343,1.42425,0.254297,1.99414,26.5,5,83.3,19,NA,7.3,1.88189,1.20949,0.989662,NA,12.97,0,0
Yemen,YEM,38.22,48.94,42.41,23.31,66.51,56.85,49.05,23.34,49.94,39.62,34.65,45.44,19.4,49.56,19.41,4.87,24.6,224.962,55.3,51.99,106.583,68.4086,41.6722,58.3608,30.6862,66.1,1.45023,89.6337,6.67,0.087317,5,49.6673,NA,83.99,50.213,0.68807,0.708602,65.152,22.55,0.2745,40.3333,17.8743,641.606,41.327,0.426276,117.467,0,303.75,0.775324,4,0.150211,0.474339,0.102051,2.2113,32.7,17,49.8,18,NA,9.5,0.248857,2.59079,0.486899,0.11,2.35,0,0
South Africa,ZAF,65.17,66.44,63.71,65.36,72.64,83.57,69.27,40.27,83.19,61.51,45.26,64.89,88.23,75.83,54.55,42.82,3.8,342.376,44.5,21.642,580.933,84.2436,89.7333,72.309,6.29191,86,2.87072,36.3474,31.66,0.817255,4,40.2649,94.1399,91.6151,102.754,0.98513,0.74993,145.364,49,0.33333,59.6667,18.4252,544.553,49.395,1.42244,69.3271,87.8,761.676,6.45861,33,0.853352,3.87228,0.855663,4.47259,9.2,3,78.8,44,56.416500091552734,6.3,2.15348,2.46152,2.29416,0.11,11.48,13,50
Zimbabwe,ZWE,42.59,39.46,54.36,33.94,49.93,46.74,33.38,27.81,78.19,45.43,29.99,63.85,50.27,45.99,24.54,14.95,37.3,528.839,64.3,33.882,742.516,66.8502,30.3009,38.8234,39.3228,32.3,1.92457,153.806,6.74,0.157133,5,42.7039,88.6934,89.625,47.1138,0.98049,2.90731,76.5566,16.3647,0.45098,40.8333,15.0457,690.139,39.159,0.940286,80.2917,75.44,1007.7,16.9558,12,0.370863,3.73813,0.471434,2.02172,74.3,26,85,21,6.269400119781494,7.5,1.58815,0.478591,1.27579,0.03,10.2,0,0
